school_id,name,co2027,athletes_all
sch_6a86fc6211eed508,Mission Viejo (SS),156,350
sch_06c4a0e06603e45b,Liberty (SS),156,349
sch_a5673ed34dbcb881,Bellarmine College Prep (CC),149,476
sch_6653aa72c6a53745,Vista Murrieta (SS),145,364
sch_326d77e75df2582b,Los Alamitos (SS),142,488
sch_29f8e1718688ab4a,Santiago Corona (SS),139,339
sch_aff3d4fd0e8d2e2d,Murrieta Valley (SS),138,309
sch_754614e8a9517b1a,Mission San Jose (NC),131,318
sch_cf423f792a88ffce,Rancho Cucamonga (SS),131,299
sch_3014dc89ef2656ec,Camarillo (SS),129,321
sch_f2ae33471d7ecda5,Davis (SJ),123,480
sch_dcd39e1a8a088ae8,Warren (SS),123,370
sch_92544212fa73347f,Trabuco Hills (SS),121,414
sch_00cdd8e61c8ab3b0,Redondo Union (SS),121,352
sch_0d5a91bb2ac700d8,Otay Ranch (SD),121,295
sch_c1e1b5ccd68e1887,Roosevelt (SS),120,327
sch_7fa7a5f6c1204ae5,ML King (SS),119,337
sch_655e7cec0ab9a0a8,Miramonte (NC),117,325
sch_7aa9b20b0e4eaaff,Heritage (NC),117,295
sch_19a23a00c27f8a6c,California (NC),116,379
sch_a3302066481b10bf,Mira Costa (SS),116,293
sch_cd20bd3996ae23d5,Chaffey (SS),113,246
sch_e8af6cbf9deb42fd,Paloma Valley (SS),112,276
sch_0214744c5f530bc8,Quartz Hill (SS),112,238
sch_f2eef68f5add11fb,West Park (SJ),110,293
sch_be7de02a2fdcda1d,Canyon - Anaheim Hills (SS),109,411
sch_6fb92a9627a68314,Castro Valley (NC),109,294
sch_8d41d0501bf2e70f,Sonora (SS),109,269
sch_0766a447226bdcc1,Pacifica - Garden Grove (SS),108,301
sch_46e9d2be74086f22,Etiwanda (SS),107,298
sch_128d5a836d260e75,Los Gatos (CC),105,288
sch_6953c3c69db576a1,El Dorado (SS),105,248
sch_ae5187dc987d62d7,San Pedro (LA),105,212
sch_bdc9aed84cdf2c88,Chino (SS),104,194
sch_cd265aa001209962,Great Oak (SS),103,276
sch_4d2c5e2b4382a0c0,Dublin (NC),103,238
sch_be3b6924a4ebfbb4,Chino Hills (SS),102,271
sch_01cae600ac8e541a,Walnut (SS),102,257
sch_b40850d7081a94b4,Highland (CS),102,241
sch_0ddfe5a53b00f8b6,Canyon Springs (SS),102,219
sch_9e976a5f107b3158,Rowland (John A.) (SS),102,208
sch_6ee648060e143dca,San Marcos (SS),101,327
sch_d3d3489e91e52c9f,Millikan (SS),101,290
sch_aecee98216ff50af,Cathedral Catholic (SD),100,297
sch_e5f1e98d3fe4bd24,Foothill - Pleasanton (NC),100,268
sch_5148e885b0c99549,Redlands (SS),100,227
sch_decbc3ebd137b39e,Crescenta Valley (SS),99,315
sch_994c740023db1b19,Whitney (SJ),98,299
sch_da2edc9e87f86a42,Valencia (SS),98,293
sch_142da43253030822,El Toro (SS),98,273
sch_cd835b45391a12d4,Foothill - Santa Ana (SS),98,233
sch_3c0fbefa1959a29f,Fountain Valley (SS),97,316
sch_e250eef9adfd9976,Newport Harbor (SS),96,266
sch_f3403f7ad30829cb,Citrus Valley (SS),96,244
sch_908065941d3a0ec6,Long Beach Poly (SS),95,289
sch_2a5f941a46742b42,Maria Carrillo (NC),95,236
sch_2d2d1e9ddd2b0d1c,Los Altos (SS),95,209
sch_f7e2e48b04751513,Aliso Niguel (SS),94,259
sch_4d3eb4848aed2eb5,Redlands East Valley (SS),94,211
sch_22cfd0b4757f0107,Beaumont (SS),93,278
sch_3fbf0d67affdf1f6,Olympian (SD),93,229
sch_9f4cd3cd47acc0fa,Dos Pueblos (SS),92,326
sch_84ebaa7fcd66b793,Oak Ridge (SJ),92,321
sch_f66896de65a6ba2a,Burroughs Burbank (SS),92,289
sch_8e3b4b6466c9cf05,University (SS),92,261
sch_82fefe43368e7cdb,Segerstrom (SS),92,257
sch_8bbcea30144caf40,Edison (SS),91,306
sch_b0eb7be877725be4,Pittsburg (NC),91,202
sch_c3abb6434137584b,College Park (NC),89,277
sch_e5dfb1422021f768,Dougherty Valley (NC),89,252
sch_d86e5e0b75b0f8c6,Del Oro (SJ),88,306
sch_4567d6854807a084,Alisal (CC),88,267
sch_a690aa97bcf4a333,La Costa Canyon (SD),88,251
sch_d87e29e5dc662951,San Leandro (NC),88,198
sch_4c4a83ab95946703,Birmingham Community Charter (LA),87,332
sch_3f0d0081e6c9cb3a,Moreau Catholic (NC),87,259
sch_a289d5e4de2ba8cf,Yorba Linda (SS),87,246
sch_cf72b05826313c8d,Colony (SS),87,231
sch_233be8cb7367531c,Chaparral (SS),87,217
sch_cb7cf49a12150c52,Redwood (NC),86,494
sch_ddd4b7f742cd047f,Berkeley (NC),86,342
sch_a9a929b79cf138b3,Arroyo (SS),86,330
sch_5337174256a1eb68,Troy (SS),86,259
sch_a3b8b4dee0e42dcd,Buena Park (SS),86,223
sch_f01f7082a7d0b234,San Luis Obispo (CS),85,298
sch_f9a4ac125ece9c9a,Los Altos (CC),85,285
sch_737d9e317d8a107f,Steele Canyon (SD),85,263
sch_a7501bdc7ac2ff9b,La Canada (SS),85,243
sch_a0533956dae71957,Ramona (SS),85,229
sch_f9f2f6174e2a7773,Torrey Pines (SD),84,308
sch_2df75123e3143a68,La Serna (SS),84,245
sch_6672360b4e75b053,Moorpark (SS),84,225
sch_6d0742217ae5a91f,Buchanan (CS),83,252
sch_10e3db420114082e,St. Francis (CC),82,357
sch_e23205f8cadb1953,Wilson - Long Beach (SS),82,243
sch_512483bab9758c7c,Cypress (SS),82,240
sch_58d555c333da8fd6,Katella (SS),82,223
sch_0b177c4f5770dff1,Westminster (SS),82,199
sch_6f2f7ddd312299f9,Villa Park (SS),81,260
sch_d398cdfb4198f18f,Hesperia (SS),81,246
sch_51d076b68ed69d24,Redwood (CS),81,220
sch_bb769de7f9e19a18,Arlington (SS),81,198
sch_ac2f7a8af6932744,North Hollywood (LA),81,160
sch_22f0aad4d686741f,Northgate (NC),80,300
sch_b60f9fbf7ff46145,Lincoln HS -Lincoln (SJ),80,251
sch_420140aeca468b6c,Fullerton Union (SS),80,246
sch_a05a8ab930bfd0b3,Anaheim (SS),80,229
sch_fec605f7586ea40f,St. Ignatius College Prep (CC),79,266
sch_30b2199c17905229,Mira Mesa (SD),79,213
sch_709a28c3ac76df71,Oak Hills (SS),79,186
sch_8f1ff76d8fc8a960,Portola (SS),78,270
sch_168108fa51ee8785,Archbishop Mitty (CC),78,263
sch_f0a72eb1a80013ef,San Ramon Valley (NC),78,254
sch_5d869a48f1c6cfda,Ventura (SS),78,239
sch_f6a7aa5c86b23bb9,Downey (SS),78,212
sch_31f539745c4f5366,La Habra (SS),78,183
sch_55f612edc3bc87de,Chico (NS),77,261
sch_c9e387c8499fdb9b,Pacifica - Oxnard (SS),77,159
sch_b0383814742b7e4e,Victor Valley (SS),77,143
sch_5aa663070b1df057,Alameda (NC),76,405
sch_607408c2faa87462,American Canyon (NC),76,333
sch_11c092750f575d3c,Oak Park (SS),76,330
sch_808797ecb4850688,Del Norte (SD),76,259
sch_81b0117a7bd4f669,Woodbridge (SS),76,239
sch_033c0d75da3a3c45,Hollister (CC) (formerly San Benito),76,207
sch_1128590425da968c,Woodcreek (SJ),76,200
sch_172cb8af27c9aad6,Elsinore (SS),76,178
sch_c2d6cf1f47cf1909,Carlsbad (SD),75,222
sch_35d0349ab10db54d,San Clemente (SS),75,214
sch_0897abb528062989,Saugus (SS),75,208
sch_7dad01e1765842a8,Gunn (Henry M.) (CC),75,207
sch_48451786c4900a0c,La Quinta Westminster (SS),75,199
sch_b3fcf618699ce6ec,Mission Hills (SD),75,187
sch_f32be4e14a048017,Rancho Verde (SS),75,181
sch_e01b66483dd29293,American,74,229
sch_09dd5ef0d3a40f07,Torrance (SS),74,227
sch_c76cc20a48f86ad1,Granite Bay (SJ),74,224
sch_a878310442ea9635,Patrick Henry (SD),74,216
sch_bf5a0fa3c5a3e06c,Oxnard (SS),74,211
sch_bb5cf33b204aeb29,Lincoln - Stockton (SJ),74,210
sch_f98a24cc1f561724,Christian Brothers (SJ),74,206
sch_1bae020862542f16,Ontario (SS),74,187
sch_aabd65fbaf9de73d,Gregori (Joseph A.) (SJ),73,333
sch_4cebeb3e5cb9921c,Thousand Oaks (SS),73,261
sch_e41e5f7ada320749,San Juan Hills (SS),73,227
sch_b6ff7ac6532ced77,Arcadia (SS),73,226
sch_de11cc798dcf0af0,Monte Vista (NC),73,191
sch_0e5d9cb1a65055e7,San Dieguito Academy (SD),73,185
sch_177e928d20fab620,Modesto (SJ),73,158
sch_bdeb7470bf548509,Mountain View (CC),72,285
sch_ec6b2d499fa9d6dc,Pleasant Grove (SJ),72,250
sch_333874ee8916cf24,Granada Hills Charter (LA),72,227
sch_712dfe84ef8a0002,Agoura (SS),72,203
sch_52b89836a20dcf8d,Stockdale (CS),72,201
sch_32448924216a1577,Westmont (CC),72,193
sch_923d087794f37465,Santa Fe (SS),72,186
sch_13296da60339ab07,Polytechnic - Riverside (SS),72,183
sch_9d4e9e2e3e0e95b6,Hemet (SS),72,148
sch_44acd123b304dc7c,Eastlake (SD),71,379
sch_54e676b325e96457,West Torrance (SS),71,267
sch_99e77cb2eb9a87de,Sunny Hills (SS),71,235
sch_cd99aa073811db32,Bella Vista (SJ),71,228
sch_0ddb45bb2387d2ab,Granada (NC),71,209
sch_2e62501e051761a6,Aragon (CC),71,198
sch_5b6dd7fb038ac833,San Dimas (SS),71,127
sch_1702904c03d14d17,Arnold O. Beckman (SS),70,224
sch_1495e70decfead46,Washington (NC),70,207
sch_1ae02c03d50ec06b,Golden Valley (SJ),70,206
sch_d02bf049b0e7d770,Livermore (NC),70,202
sch_6cd9d00592070664,Franklin Elk Grove (SJ),70,201
sch_c87c5c3e7705d016,Elk Grove (SJ),70,193
sch_2f849305d4974f41,Mission Vista (SD),70,179
sch_a6e0a6a015146f50,Palm Desert (SS),70,158
sch_856e3064512552f3,South Pasadena (SS),69,346
sch_8e44653e41573575,Milpitas (CC),69,252
sch_55951febde7684ec,Pitman (John H.) (SJ),69,197
sch_e52e7d159c12bb1b,Northwood (SS),69,196
sch_8bda343e9ec08770,Garfield (James A.) (LA),69,158
sch_a949e36dd7f854b4,McFarland (CS),68,329
sch_a281ebff556c21c4,Irvington (NC),68,224
sch_23a5ca929774064b,Patriot (SS),68,191
sch_c2f5597650d26422,Ocean View (SS),68,186
sch_1e1369a6c3ec8fca,Clovis East (CS),68,173
sch_b77c4c0966b822e4,San Jacinto (SS),68,165
sch_f009fa32416a626e,Chaminade (SS),68,164
sch_a4d5cb68d28a1bdc,Montebello (SS),68,154
sch_f9ed27339ce9d225,Orange Vista (SS),68,147
sch_3befb0cf83ebbbae,Highland (SS),68,132
sch_0090cc34b7ff76c0,King City (CC),67,199
sch_b043e720a6fb17d5,La Mirada (SS),67,149
sch_c99caac17a32d920,Hoover (SS),66,249
sch_26873b94850f009d,Rancho Bernardo (SD),66,228
sch_f290c32e8ac4ece8,Liberty - Bakersfield (CS),66,216
sch_b8d063274d897238,Twelve Bridges (SJ),66,216
sch_ae65dba2ee65ddd3,Santa Ana (SS),66,196
sch_c12788b25b8f7bba,Sweetwater (SD),66,182
sch_11c40ba0fd512bc3,Hamilton (SS),66,166
sch_6b248d8fc7cbc106,Brea Olinda (SS),66,149
sch_68e090f14a39050a,Pleasant Valley (NS),65,255
sch_8c404fc8698e7dd6,El Camino (SD),65,236
sch_f832c428b0a5809d,Clayton Valley Charter (NC),65,214
sch_bc67d3b4119145c2,Cerritos (SS),65,199
sch_801db3a0f53187f3,Folsom (SJ),65,162
sch_7875a29026a3e342,Golden West (CS),65,159
sch_c66b3fc3df38954c,Oakmont (SJ),64,211
sch_cf76e72f8b52857c,Atwater (SJ),64,192
sch_fe9df9e3baddebe2,West Ranch (SS),64,190
sch_940e1c11e5d19cbb,Godinez (SS),64,185
sch_e42922a9ca90ab96,Monterey (CC),64,180
sch_b37233c5d0b95a87,Tamalpais (NC),64,176
sch_016c81ca3b414553,Cosumnes Oaks (SJ),64,173
sch_248ec1af6df9ebc3,Ponderosa (SJ),64,171
sch_77ad10b1ac1a5443,Temescal Canyon (SS),64,165
sch_e8a78e523aeb7f0d,Shafter (CS),64,164
sch_0868294b0c64175d,Lowell (SF),63,279
sch_2e5835fee4d3fafc,Ayala (SS),63,223
sch_28e13de6c19ebc5f,California (SS),63,205
sch_dc3e0368db098477,Yucaipa (SS),63,199
sch_17d31632b4682cf0,Glendora (SS),63,178
sch_b5be5f303c9c836a,Del Sol High School (SS),63,171
sch_9205cb5ede113080,Covina (SS),63,152
sch_3cce5b0d8d7a8d6e,Skyline (OK),63,126
sch_7322a33fd549da29,Marshall (John) (LA),63,123
sch_173946e5253b9d3a,Piedmont (NC),62,362
sch_e3aa183be0f7ca47,Point Loma (SD),62,220
sch_c95ca520495ec960,Garden Grove (SS),62,212
sch_eb6a2bd6fea2231a,Poway (SD),62,208
sch_848e853f79440ff1,Temecula Valley (SS),62,208
sch_557e66527a50d091,Canyon Crest Academy (SD),62,188
sch_3fdcc31e74544b90,Placer (SJ),62,187
sch_43f34270aaa7fc63,Vacaville (SJ),62,182
sch_7b29d825cc286b4a,Upland (SS),62,180
sch_b81e31bd532b4ede,Santa Margarita (SS),62,179
sch_28e7bc63893180ec,Central Valley (SJ),62,172
sch_174c36d31019a99d,Washington (George) (SF),62,165
sch_3a5ee0f6593f8b66,Dinuba (CS),62,155
sch_2859b76587da872b,West Covina (SS),62,155
sch_3c59c5f1c3483a14,James Logan (NC),61,236
sch_4555ef554c32c0f0,Scripps Ranch (SD),61,215
sch_a97d15d5acd450bb,Las Lomas (NC),61,192
sch_149d3d8a81555d65,Cleveland (Grover) (LA),61,187
sch_e74ab674f8e5bc08,Cajon (SS),61,184
sch_c9e301c4adb9a5ba,Hillcrest (SS),61,184
sch_5796560d88158f88,Taft (CS),61,172
sch_61c32e81c1975f5b,Pioneer (SJ),61,162
sch_162e4f632aa1510b,Frontier (CS),61,145
sch_be8bbffa889194e1,J.W. North (SS),61,140
sch_851288796dac08d3,Canyon - Canyon Country (SS),61,129
sch_999c0033d62c0e2b,Palos Verdes (SS),60,237
sch_847fd65002b93f1a,Valencia Placentia (SS),60,232
sch_4117b0116698d8c9,Lathrop (SJ),60,208
sch_17eb677bcdb5ffb4,Temple City (SS),60,208
sch_491fbc5743ce1e24,Bonita (SS),60,184
sch_8489aaa44772b661,Bishop Amat (SS),60,167
sch_267724fe45e5cec6,Pioneer Valley (CS),60,161
sch_654ae214323063df,Patterson,60,130
sch_49cdccdfffef551e,Petaluma (NC),60,130
sch_9b5f0a8c62c95da1,Liberty (NC),59,276
sch_2f03e8c7bfc60914,North Monterey County (CC),59,261
sch_72da18d2bee96f5d,Carlmont (CC),59,230
sch_4b73aa83832c9756,Amador Valley (NC),59,220
sch_95f4f9e052dd6ab9,San Jacinto Valley Academy (SS),59,203
sch_ace76f34c1d2515b,Royal (SS),59,172
sch_a3eac916b1129f53,Woodside (CC),59,168
sch_8dde06545fde2d16,Rio Mesa (SS),59,164
sch_d26c24fabe0ffb23,Linfield Christian (SS),59,141
sch_a926952e7bd4cec2,Turlock (SJ),58,381
sch_4fc81105ed049770,Willow Glen (CC),58,350
sch_f48fbe167230dc35,Lakewood (SS),58,246
sch_787631895eb3ec49,Los Banos (SJ),58,214
sch_784cc89b8b19fd7e,Arroyo Grande (CS),58,205
sch_0f0b6ec9bbc213f1,Channel Islands (SS),58,179
sch_7ad54eb714ad8fbd,Sanger (CS),58,163
sch_8fcdb10a45941da9,Tokay (SJ),58,162
sch_fa84690cf372f9f9,Campolindo (NC),58,148
sch_45bb8ff3a618f373,Buena (SS),58,147
sch_8bd8d5749c7867e3,Independence Bakersfield (CS),58,147
sch_9f0a889b3b26d3b6,Colton (SS),58,132
sch_b2b28628de7137bc,Norco (SS),58,108
sch_0328652073631482,Western (SS),58,92
sch_9558a274c6b5a690,Capistrano Valley (SS),57,275
sch_8b34d9048cadadc0,Hart (William S.) (SS),57,226
sch_d02bc772eaf3ef84,Menlo-Atherton (CC),57,213
sch_6c3d82fde18bd9c7,Simi Valley (SS),57,194
sch_42e368031d6342df,Loyola (SS),57,186
sch_f7692e80062eac97,Westlake (SS),57,183
sch_8cbefb30de8d774a,Bakersfield (CS),57,157
sch_be54dfcdc24435d9,Monterey Trail (SJ),57,157
sch_ec60823ca6d3c77f,Tracy (SJ),57,148
sch_c532066aae51cd39,Mark Keppel (SS),57,143
sch_fe04a1701efc1d56,Diamond Ranch (SS),57,137
sch_7b40404fb928abdf,Arroyo Valley (SS),57,134
sch_96ddf6feea344c46,Righetti (Ernest) (CS),57,118
sch_36c472e83cbff7a7,Rancho Buena Vista (SD),56,221
sch_f145a9b511fd05f4,Palo Alto (CC),56,199
sch_494ce59c10182a47,Mills (CC),56,191
sch_e2c8219dd0ef759e,Peninsula (SS),56,185
sch_284d2fae873123c4,Schurr (SS),56,161
sch_f1d688ae9f47ad5f,Lemoore (CS),56,152
sch_c42fdcfd853bd119,Sierra (SJ),56,141
sch_8896fdb741b9f1cb,San Bernardino (SS),56,139
sch_de0208376f988466,Paramount (SS),56,125
sch_16a6a372c571ff55,Westview (SD),55,196
sch_55f6062368039f69,Notre Dame - Sherman Oaks (SS),55,190
sch_203198f4e04fab0a,La Quinta (SS),55,182
sch_eea11aa43ef710db,Crean Lutheran (SS),55,152
sch_00689c8a8318fd0e,Centennial (CS),55,145
sch_654535ced8ebcab7,Paso Robles (CS),55,137
sch_5f75a09838a07666,San Pasqual (SD),54,212
sch_c50dd7f37db38be4,Mountain House (SJ),54,184
sch_9ea7ee08bcf6a40b,Oceanside (SD),54,158
sch_08eeb788de9fef31,Moreno Valley (SS),54,153
sch_bb4fe308e22d2e8a,Golden Valley (CS),54,149
sch_96aff51215d2eee2,Rio Americano (SJ),54,144
sch_eca51c0169926d99,Justin-Siena (NC),54,140
sch_55170613638b467c,Enterprise (NS),54,126
sch_e40df1fbfef9b216,Indian Springs (SS),54,99
sch_a5b35b9674316412,Culver City (SS),53,260
sch_969b3262c3925c0b,Tustin (SS),53,158
sch_06d4233a0766e6f6,El Camino Real Charter (LA),53,157
sch_784d2d7a8cba12d3,Mater Dei (SS),53,154
sch_603db8731fac8bd0,Granite Hills (SD),53,153
sch_6558c638256af277,Oaks Christian (SS),53,147
sch_ca93e0f269b0669e,Eagle Rock (LA),53,143
sch_0c18faeeae58db3a,Artesia (SS),53,128
sch_92ff79f7485840ce,Bishop Montgomery (SS),53,117
sch_f9c8bdcff300bbb6,Newark Memorial (NC),52,251
sch_af9a9d02332076d1,Acalanes (NC),52,214
sch_742db0fa41b5ff72,Huntington Beach (SS),52,198
sch_7f08d896de19af9b,Analy (NC),52,190
sch_44cfe27438a0c4cc,Evergreen Valley (CC),52,184
sch_eeb596d5ac85eb45,Kimball (John C) (SJ),52,182
sch_90b3ee7b3f449ea6,Archbishop Riordan (CC),52,162
sch_852bf1cd5b3e7d58,Dana Hills (SS),52,150
sch_d7272c7a8ea0985c,River City (SJ),52,146
sch_872290998306902f,Bullard (CS),52,142
sch_c09d6eda8bcde4a3,Middle College (LA),52,125
sch_a93bfd2ce3261ee5,Del Campo (SJ),52,118
sch_848cade4dd56766d,Livingston (SJ),52,105
sch_bdeb9f0f2a0fd17b,Bonita Vista (SD),51,311
sch_88bded6dfb435ec1,Valley Christian (CC),51,295
sch_808fcf8b5b475731,Mater Dei Catholic (SD),51,183
sch_e2a16fac4d5f663d,Taft (William Howard) (LA),51,172
sch_3b388d6f6145a671,Antelope (SJ),51,155
sch_aee691214141e118,Encinal (NC),51,151
sch_9d9eb00aa8b5905a,St. Francis (SJ),51,151
sch_d7226f4b1d6f50ee,Orange Lutheran (SS),51,147
sch_785c55a1f8475172,El Segundo (SS),51,141
sch_24ea0b044f31d5cd,Norte Vista (SS),51,141
sch_98875b66b0999be5,Granite Hills (SS),51,139
sch_d7f6a7eb69e96df8,Rosemead (SS),51,135
sch_8654cabe7452e672,King-Drew Medical Magnet (LA),51,117
sch_08bc2e7bf402d25d,Ceres (SJ),51,116
sch_daafe774878872a9,Damien (SS),51,115
sch_f711a20104756369,Fort Bragg (NC),51,112
sch_b2d8f61a6be9640d,Calexico (SD),51,110
sch_95eb2e21912c6c47,Heritage (SS),51,106
sch_08cac4fef2851c28,Helix Charter (SD),50,213
sch_91fc66d6c09ed4cd,Santa Monica (SS),50,185
sch_5a49a9114cbc72df,South Torrance (SS),50,177
sch_5171c118adf14e30,San Marcos (SD),50,171
sch_42cf3281e450ec59,West Hills (SD),50,171
sch_2684cc8f350fa6e7,Ripon (SJ),50,165
sch_70c7d1c32de6f0e4,Harvard Westlake (SS),50,163
sch_43fc670f836535e4,Summit (SS),50,156
sch_bc31bd870f72cdea,Sacred Heart Cathedral (CC),50,155
sch_76e890e3a3fe7602,Red Bluff (NS),50,149
sch_05cc779385409caf,Tesoro (SS),50,149
sch_b2c5cd380c2da2d7,Venice (LA),50,137
sch_64802785d6e10f07,Canyon Hills (SD),50,127
sch_51392277f70c53bb,Santa Rosa (NC),50,127
sch_7313c6a510e7e83d,North Torrance (SS),50,123
sch_4a2cf341d2d9b187,Terra Linda (NC),50,119
sch_5f3c120447cebe54,Palmdale (SS),50,98
sch_4bae39635df179d1,Albany (NC),49,295
sch_22b0145271a272e8,Santa Maria  (CS),49,196
sch_04573b8ad2f14d12,Newbury Park (SS),49,187
sch_5a49d9dae40fef4e,Bishop O'Dowd (NC),49,181
sch_2f68f5ef3265971e,Lynbrook (CC),49,180
sch_2710336f7a94a099,Emerald High School (NC),49,178
sch_1ae7d3e3845320d2,Hughson (SJ),49,167
sch_e92b26d790496d56,University (LA),49,162
sch_13f15ca22a1977e1,Burroughs Ridgecrest (SS),49,142
sch_3905919f1046203d,St. Mary's (SJ),49,139
sch_c3a91c06a53e5fac,Tahoe Truckee (NIAA),49,137
sch_7c392aaeafa23c86,Los Amigos (SS),49,123
sch_f263c17dc145f612,Southwest - El Centro (SD),49,121
sch_fedadbe94d2f2e00,Verdugo Hills (LA),49,121
sch_91dbe2ccc9250bcc,Sheldon (SJ),49,101
sch_66a38feebbddebc7,The King's Academy,48,417
sch_dc81c2b27e36333e,Claremont (SS),48,193
sch_6f6c35879fa5a682,Valley View (SS),48,179
sch_9f0739ca024d6448,El Diamante (CS),48,169
sch_44ecf1aa26e60b48,Palisades Charter (LA),48,161
sch_333f9892edc61a05,Grossmont (SD),48,159
sch_70e4bb1661ae112a,El Modena (SS),48,155
sch_7eada976a0025850,San Mateo,48,141
sch_cd0ea10c60b4f147,Reedley (CS),48,136
sch_1c7c950af8567272,St. Mary's College HS (NC),48,127
sch_52b3bd3d89a1718f,Servite (SS),48,125
sch_a8e30ef6178b217c,Indio (SS),48,121
sch_9ee69d14e2be562a,Cesar E. Chavez (CS),48,116
sch_9468139610c77769,Banning (Phineas) (LA),48,114
sch_62bb2d0cca50d336,Maranatha (SS),48,111
sch_1d2f984932b79671,Bear River (SJ),48,89
sch_516a2e5f7fb9aa2c,Rubidoux (SS),48,80
sch_0333391b7f2355fd,Inglewood (SS),48,72
sch_a63467535ddfe5f4,Kennedy (John F.) (SS),47,300
sch_ef7e78a257048dca,El Rancho (SS),47,236
sch_437a21d68e7c09ef,Piedmont Hills (CC),47,184
sch_7ca928c55f013f3d,University City (SD),47,149
sch_ecead86c96778af6,Shadow Hills (SS),47,141
sch_a19c268031e570e7,Arroyo (NC),47,124
sch_09936841eae45099,Pioneer (CC),47,122
sch_feb4c52f8ab7917f,Santiago - Garden Grove (SS),47,122
sch_4a476beb2538e470,Chowchilla (CS),47,119
sch_f31048443582ebf2,Carpinteria (SS),47,115
sch_9520153f04c34f13,Morro Bay (CS),47,100
sch_fc4e89317ab07e9a,Narbonne (Nathaniel) (LA),47,76
sch_db4ed16696b69975,Woodcrest Christian (SS),46,200
sch_5b2fabcbc44c1a8d,Mt. Carmel (SD),46,183
sch_925a3fd48a253c34,Burlingame (CC),46,180
sch_800400908e1ec8b0,Rocklin (SJ),46,160
sch_41599fb2acb1c7f7,Murrieta Mesa (SS),46,138
sch_69cf2d0dad5775da,Beyer (Fred C.) (SJ),46,134
sch_04a2e63a7657c0b6,Roseville (SJ),46,134
sch_18241643cc381c0c,Inderkum (SJ),46,133
sch_449da7f8d004692d,Norwalk (SS),46,131
sch_0941f3b8368bf160,Knight (SS),46,121
sch_eb1507a48e2c930a,Coliseum College Prep (OK),46,112
sch_a7e4a7c23c51ff85,Mira Loma (SJ),46,112
sch_75d2bf26ece1719f,Justin Garza (CS),46,106
sch_6f23ede2dc86d306,St. John Bosco (SS),46,95
sch_49efea1569abeb9a,El Capitan (SD),45,213
sch_ed707815185f79bf,Clovis (CS),45,190
sch_875a5510d3692fb9,Junipero Serra (CC),45,174
sch_a0fcee0bc594994c,Tulare Western (CS),45,169
sch_61aabb2a7bf57619,Calabasas (SS),45,136
sch_8d5f40f611840b75,Archie Williams (NC),45,135
sch_9fa3ad7925840e42,Clovis West (CS),45,135
sch_2e8c4829148070f7,South Bakersfield (CS),45,119
sch_083165840b84e933,Nipomo (CS),45,112
sch_bb421487d25e3e62,Hayward (NC),45,105
sch_5c6ed94c8d72142a,Monroe (LA),45,93
sch_82b4881a5a68bffe,California School for the Deaf - Fremont (NC),45,87
sch_58ee7c1b3c328d27,Eisenhower (SS),45,84
sch_adbc129617ffa05a,Southwest - San Diego (SD),45,76
sch_edf61aa5bd9e8deb,Firebaugh (Marco Antonio) (SS),45,71
sch_17570fd3713b86fb,Los Osos (SS),44,227
sch_ccb95c92082f4c12,Santa Ynez Valley Union (SS),44,200
sch_c0dee4ec95799a25,Kerman (CS),44,168
sch_831fee85a8254522,Hillsdale (CC),44,156
sch_9e104925361d05ec,Central East (CS),44,142
sch_d10d6432f928fdf7,Centennial Corona (SS),44,135
sch_a38a50176dc2f668,Johansen (Peter) (SJ),44,133
sch_288b87e55567530a,Wilcox (Adrian) (CC),44,125
sch_537ac42e4ebe2ca2,Hercules (NC),44,122
sch_e321e97d6c176fc2,La Salle (SS),44,120
sch_95e4a8b6171b9e5a,Mt. Whitney (CS),44,119
sch_f556a6b3f2be2917,Desert Hot Springs (SS),44,118
sch_244a5c75b548a5b4,Banning (SS),44,112
sch_674550e500666c9c,Big Bear (SS),44,100
sch_3f9717120dbb7f96,Bishop Alemany (SS),44,97
sch_de5ab686f2c17dc9,Van Nuys (LA),44,88
sch_a1efd578f14cdd62,Monte Vista (SD),43,204
sch_aa67c3fad19ffadf,Vista del Lago (SJ),43,172
sch_d35e9175743ae8ef,Alta Loma (SS),43,162
sch_d44b32cb8b1a482d,Diamond Bar (SS),43,157
sch_b816ecc45c34210b,Leigh (CC),43,147
sch_a336139dfef975cf,Kennedy (John F.) - Fremont (NC),43,134
sch_d1a9fac66e7cd3a3,Esperanza (SS),43,133
sch_ecf9bc02bcf6086f,Golden Valley (SS),43,132
sch_ca85562ca119d8e2,Mission Bay (SD),43,128
sch_e634f6c24fa2668e,El Camino (CC),43,125
sch_cbd8f709b3d5e300,Muir (SS),43,124
sch_5d4718b67ca53390,Santana (SD),43,117
sch_8c3aac17a46414cb,Silver Valley (SS),43,114
sch_daee31bb0d8dae53,Gahr (Richard) (SS),43,108
sch_561601ff27e70a19,Westmoor (CC),43,108
sch_7c320fab63137202,Serra - Gardena (SS),43,101
sch_467f47fe618052f1,Lakeside (SS),43,95
sch_bc9978767020caef,Silverado (SS),43,91
sch_8c9719e9f197d217,Legacy (LA),43,71
sch_8e2352dad2d55818,Corona del Mar (SS),42,293
sch_83f46a0f2f3d2b9a,Leland (CC),42,144
sch_993a00e1de2a902a,Nevada Union (SJ),42,144
sch_84775b080b7a5e35,Western Christian (SS),42,143
sch_281ed7be02ab4851,Foothill Technology (SS),42,139
sch_59a96a520e7ab9a1,San Francisco University (NC),42,129
sch_08c2717ba52b1356,Orange (SS),42,127
sch_0a1e5ebd7eede8db,Clovis North (CS),42,123
sch_ca684c5a555fdee3,Wood (Will C.) (SJ),42,118
sch_efea007f70d884f8,Central Union (SD),42,110
sch_089a5eed363cc6fa,Kingsburg (CS),42,110
sch_cf0babc5e8e8e354,El Camino Fundamental (SJ),42,106
sch_f96c1f32d2c76966,Kennedy (John F.) (LA),42,101
sch_57379ce131decc75,San Fernando (LA),42,93
sch_b9f605e2bd989dfd,San Jacinto Leadership Academy,41,205
sch_3317e4d8de721aef,Lick Wilmerding (NC),41,152
sch_71ac88aff0b9e515,JSerra Catholic (SS),41,143
sch_712cebff5f50090e,McClatchy (C.K.) (SJ),41,137
sch_154b450369e96fe9,Homestead (CC),41,129
sch_aec9cc9ed44efb04,Ramona (SD),41,129
sch_c492ace8b8806608,Capuchino (CC),41,127
sch_948aec530107d079,Sultana (SS),41,124
sch_5b27f4277bc369b6,Salinas (CC),41,121
sch_8df0e7ed9e4a23bb,Escalon (SJ),41,117
sch_473124f58715a7ae,Watsonville (CC),41,109
sch_c518704858c6d4a4,Matilda Torres (CS),41,108
sch_20ca2a79a7979374,Santa Paula (SS),41,103
sch_a32e93da7dc02d42,Carson (LA),41,95
sch_6d2d33bd09a6a281,Foothill - Bakersfield (CS),41,95
sch_d056471df63c3138,Paraclete (SS),41,89
sch_f09d8b9d65833f76,El Cajon Valley (SD),41,60
sch_f77118fb3ba452f5,Benicia (NC),40,173
sch_26f4c7484b97e732,Jesuit (SJ),40,173
sch_ca6ec1d06f90fe65,De La Salle (NC),40,154
sch_b8c7dd420e7acd7d,Nuview Bridge Academy (SS),40,143
sch_ea1c9e2ec449f1ab,Rialto (SS),40,138
sch_e47c26f67307938e,Gabrielino (SS),40,123
sch_554b5da6fb33d951,Napa (NC),40,119
sch_13813fa0820c7e31,Lancaster (SS),40,107
sch_670d339a5683946c,Santa Barbara (SS),40,98
sch_6675df10cc8adb27,Alhambra (NC),40,94
sch_f3722f6826efcb2b,Dos Palos (CS),40,85
sch_df7d677f4e91861b,University Preparatory School (NS),40,84
sch_0fefe12de290476b,Argonaut (SJ),40,77
sch_31f92e0e6052e54b,Ontario Christian (SS),39,258
sch_c065fac5f9701842,Enochs (James C) (SJ),39,239
sch_98c5644932692cf4,South Hills (SS),39,163
sch_809ef1ae4072ce8b,Serrano (SS),39,150
sch_ce1406411e6e5bad,Santa Teresa,39,145
sch_1e19234e985cf319,East Union (SJ),39,142
sch_7d841b6932dc2bfd,The Webb Schools (SS),39,132
sch_d9984963e3030477,Burbank (SS),39,129
sch_3b89554ff5384868,Laguna Creek (SJ),39,119
sch_a66dd9a722ea5ce6,Tahquitz (SS),39,119
sch_9546ed15e688817e,Imperial (SD),39,116
sch_e90c3364eee229d6,Monache (CS),39,115
sch_99df6b2e833d7041,Panorama (LA),39,111
sch_58e48da56e7f7f13,St. Paul (SS),39,111
sch_bc30ce2efce29506,West Valley (NS),39,111
sch_ceb38afb27fc6b5e,Venture Academy (SJ),39,109
sch_ebe8ffa8553f5b6d,Jurupa Hills (SS),39,106
sch_56c265f386d61977,San Marino (SS),39,106
sch_28b3fb0c523adbaf,Arvin (CS),39,103
sch_d7bf8c8eb1b4a3fc,North Salinas (CC),39,103
sch_595fc8017f0707f4,Madera (CS),39,99
sch_7f035e7d0ff7c748,Sanger West High School,39,98
sch_0f323edc8c3beb40,Big Valley Christian (SJ),39,97
sch_4eecab074fbbb441,Da Vinci Charter Schools (SS),39,93
sch_44745b5bded64ac6,Perris (SS),39,92
sch_d24f53e8b73a97e4,Waterford (SJ),38,159
sch_d4b6db8ffef66c02,Prospect (CC),38,132
sch_a232c7c260b5b602,Union Mine (SJ),38,132
sch_ffca04432ae99840,Chula Vista (SD),38,131
sch_8f828966648f7ab2,Santa Ana Valley (SS),38,129
sch_6679d96f2a0c5c8e,Marin Catholic (NC),38,126
sch_03e0a00738870a68,Glendale (SS),38,118
sch_22ceff990a835ebe,Wasco (CS),38,116
sch_e3e2a620effbaa6f,North Bakersfield (CS),38,113
sch_d41383dc45b81106,Valley Christian Cerritos (SS),38,111
sch_a9d0fbb346bf9416,Aquinas (SS),38,106
sch_1144756a53402b3e,Cathedral City (SS),38,84
sch_833c49c906eadc38,Holtville (SD),38,79
sch_6867f676c18cb231,Roosevelt (Theodore) (LA),37,217
sch_333da9336ddfd90b,Sequoia (CC),37,177
sch_4086aa5cf8e207f5,California Military (SS),37,176
sch_9c1677d0d7f6a4d7,El Dorado (SJ),37,150
sch_26c34cb1cabca1fa,Freedom (NC),37,150
sch_d8ccbfe3877c316a,Piner (NC),37,117
sch_b5b28b6f970ff6e6,Oakland (OK),37,113
sch_b1c40d9a87e07eaf,San Gabriel (SS),37,109
sch_65dd02d73778b00e,Kaiser (Henry J.) (SS),37,105
sch_51479ea48c78de42,Monrovia (SS),37,105
sch_dcacfb120d96ce9f,Silver Creek (CC),37,100
sch_bffdf61c0f4ad086,Notre Dame - San Jose (CC),37,99
sch_295e5d5afe896e94,Vintage (NC),37,96
sch_0c73a67061bdf40f,Greenfield (CC),37,95
sch_a1bb323dcc8f1824,Christian (SD),37,92
sch_a7c222fdd7adae9f,St. Francis (SS),37,92
sch_95f0dfa5e15acd54,Crespi (SS),37,81
sch_fdfcb62a4a753012,Coachella Valley (SS),37,66
sch_e6f00a377071a619,Harker (CC),36,230
sch_6005287073315d7a,Monta Vista (CC),36,172
sch_9903de8132169eb2,Marina (SS),36,162
sch_7508f33b400119a6,Lodi (SJ),36,156
sch_87c6564d53bdf978,Foothill - Palo Cedro (NS),36,140
sch_0c99f44041b861d0,Santa Clara (CC),36,135
sch_5496226886848717,Hilltop (SD),36,129
sch_f3689cc993a4a9a9,Alvarez (Everett) (CC),36,128
sch_0e0bd5ba56fcc184,Bravo (Francisco) Medical Magnet (LA),36,128
sch_305f9ef2684f4f63,Central Catholic (SJ),36,125
sch_c3edc448a05b7f88,Corona (SS),36,122
sch_2fa9d25acba79f54,Bell Gardens (SS),36,120
sch_361e5ba093245130,Fremont (CC),36,115
sch_8e4af1d31a223dee,Brawley Union (SD),36,113
sch_cb931c2438d99698,Flintridge Prep (SS),36,106
sch_c56b597bc0720509,Strathmore (CS),36,104
sch_db4d1a79a5253d21,Montclair (SS),36,101
sch_89f81651c96a3140,La Sierra (SS),36,98
sch_f6274e877dcde0e1,Novato (NC),36,92
sch_e43579f1c188ff23,Orestimba (SJ),36,90
sch_6582027657f40478,Calaveras (SJ),36,87
sch_2ec0f7f3827e94a6,Hollywood (LA),36,80
sch_8565cfca7fb5e394,Belmont (LA),36,76
sch_f1fe152b1251bfc0,Lawndale (SS),36,75
sch_29c931f878f06744,Mission College Prep (CS),36,72
sch_bcd6a96b6ff5bba0,Reseda (LA),36,67
sch_0d82e864c5d106d8,Lincoln (Abraham) (SD),36,66
sch_f60b400e86f438be,Aptos (CC),35,312
sch_dacfeda7db654080,Atascadero (CS),35,235
sch_ef6727176f231a40,Orcutt Academy (CS),35,153
sch_95b6e7263a36fa0c,Convent & Stuart Hall (NC),35,144
sch_6db2b0d6d6f33633,Wilson (Glen A.) - Hacienda Heights (SS),35,141
sch_f5a071f4d24e6261,Robert Louis Stevenson (CC),35,128
sch_231e3aed8ef0a204,Wheatland Union (NS),35,128
sch_77fe8b1e7c238da4,West (Merrill F.) (SJ),35,115
sch_dfa07f3a982a2bcb,Soquel (CC),35,111
sch_e2b17056d27d4b20,Don Lugo (SS),35,109
sch_dd32426280e52949,West Bakersfield (CS),35,104
sch_abaabeec69db9bdc,Pacific (SS),35,91
sch_c890c99cee91c2b2,Tehachapi (CS),35,89
sch_e047e6b66cc4ccfa,Xavier College Prep (SS),35,84
sch_15c0d155b60f9079,Hoover (CS),35,78
sch_a7f3edf3950356ea,Del Mar (CC),35,69
sch_745521c7236f7d0c,Miller (A.B.) (SS),34,261
sch_5ad0bbec8aea43df,Castaic (SS),34,209
sch_28dcb83951e41c3c,San Gorgonio (SS),34,168
sch_d9123926b2d1f8cd,Irvine (SS),34,147
sch_e7e8f761ce71ad4f,Fontana (SS),34,136
sch_1854fe2084208e12,Fallbrook (SD),34,129
sch_48835e17e9378b65,Grace M. Davis (SJ),34,126
sch_d1abfa8b17096f5f,Hueneme (SS),34,126
sch_4fc982aaa1544b54,Jurupa Valley (SS),34,124
sch_03aa8426a8323b3b,Mayfair (SS),34,115
sch_6abf755f06180936,Estancia (SS),34,113
sch_2e399225b31940f1,Porterville (CS),34,109
sch_32e8eb7d22921856,Lincoln (Abraham) (LA),34,106
sch_bfbdba81711bbafe,Vanden (SJ),34,98
sch_84e51ed448204d06,South Gate (LA),34,94
sch_1357c9f8e66556bf,"Carter, Wilmer Amina (SS)",34,87
sch_728734e7032d3653,West Valley (SS),34,86
sch_42d83a6750a8a13b,Contreras (Miguel) LC (LA),34,82
sch_4ed56af4d0b49e1c,Orosi (CS),34,71
sch_f8617a2442eec938,Fremont (John C.) (LA),34,69
sch_c3bd6b6c505df726,Desert Mirage (SS),34,60
sch_e8939483abd5f9d2,Cantwell-Sacred Heart (SS),34,50
sch_2663fa85f5428f23,La Jolla (SD),33,167
sch_16fb003ced9afba9,Oxford Academy (SS),33,136
sch_9a8dc763b2bc8d2a,Tulare Union (CS),33,113
sch_cc5e1a7ab3c6274f,Hamilton (LA),33,111
sch_4be832939f4e6837,Montgomery (SD),33,109
sch_710317d93450a4e3,San Marin (NC),33,104
sch_07f1da0c90f27b06,Seaside (CC),33,104
sch_4b0edff298d946c1,Lompoc (SS),33,98
sch_9fec4e07c035ca4e,Valley Center (SD),33,96
sch_3b12efe9541cda7b,Sage Hill (SS),33,93
sch_b2fbee2be1ba6f67,Cardinal Newman (NC),33,91
sch_80245f210ef18a05,Grand Terrace (SS),33,90
sch_cfc686de31473de4,Selma (CS),33,90
sch_013964152106545f,Cabrillo (Juan Rodriguez) - Long Beach (SS),33,89
sch_7fd5c79f758e4362,Milken Community (SS),33,87
sch_faff10d10c256009,International High School,33,84
sch_40cdab088e0136d0,St. Augustine (SD),33,84
sch_3c14b9dfb9d99ea0,Cathedral (SS),33,83
sch_4775d3e78c124f5a,University Prep Academy (CC),33,80
sch_6baf3477af82d2f0,Oakwood (SS),33,58
sch_cf4e56f5d7066822,Carmel (CC),32,203
sch_40692b1323005d62,Templeton (CS),32,168
sch_8385a2ec78bc575c,Sutter (NS),32,165
sch_bd560224fef97367,Buhach Colony (SJ),32,159
sch_bae6d5bd3c2ee0ee,Terra Nova (CC),32,150
sch_63bfa82e52756a7b,Sage Creek (SD),32,141
sch_eb43a6762fc3a2e8,Downey (Thomas) (SJ),32,132
sch_93d4e496a0b2a8d3,Eureka (NC),32,129
sch_b1fdea090279e401,Northview (SS),32,122
sch_131ac11ddb6abc0b,Oakland Technical (OK),32,120
sch_690c3ee888831959,Las Plumas (NS),32,108
sch_ee192ecf6a7a6e26,Costa Mesa (SS),32,104
sch_46ce8ffaae70f9b1,Whittier (SS),32,102
sch_ac0a56905ef9927e,Marin Academy (NC),32,101
sch_c51d4e6868f1ceb4,Riverbank (SJ),32,98
sch_5f42139ba6302959,Deer Valley (NC),32,97
sch_30f0d98997196d32,Casa Roble Fundamental (SJ),32,96
sch_94d0d87ea357cb35,Kennedy (John F.) (SJ),32,96
sch_a5a36bd67714e986,Whitney (Gretchen) (SS),32,88
sch_1f05ca1ac79711fa,Viewpoint (SS),32,87
sch_a5d634ce44ef7a8a,O'Farrell Community (SD),32,79
sch_9deb6ec8e12af215,Citrus Hill (SS),32,78
sch_aa3ccf5c75918a60,Escondido (SD),32,76
sch_a8fd19c2d37ea1fc,San Domenico (NC),32,75
sch_629ffde8a3ff6a95,Sherman Oaks Center for Enriched Studies (SOCES) (LA),32,75
sch_a2edc49d0458fd27,Le Grand (SJ),32,70
sch_ecef08cac5d3a503,Lower Lake (NC),32,70
sch_143e26719150866e,New West Charter School (LA),32,65
sch_82a4f84dd25d8575,Dorsey (LA),32,58
sch_131d22f0c894a77c,Burton (Phillip & Sala) Academic (SF),31,221
sch_4c2e003d6757e460,Hilmar (SJ),31,169
sch_940dd41322b23c30,Exeter (CS),31,131
sch_582d73d8a5c317ae,Shasta (NS),31,125
sch_154a6c63a033db4b,Alhambra (SS),31,115
sch_7648f078dd2111f4,Fowler (CS),31,109
sch_53f9deef536a2255,Rosemont (SJ),31,108
sch_c58c8cf4dd2aaa6b,Edison (CS),31,105
sch_66353997577b150c,Arcata (NC),31,99
sch_df4b9fa6361dac19,Saratoga (CC),31,96
sch_ea572a6f66a11926,Sunnyside (CS),31,89
sch_eef97096aafc3233,Rancho Alamitos (SS),31,86
sch_0960253a5b503a75,Pacheco (SJ),31,85
sch_85c1b20d0dbcd49f,Amador (SJ),31,84
sch_106a455af639e33c,Gompers Preparatory (SD),31,68
sch_a317e3882d92e511,Stagg (SJ),31,65
sch_023015e35ab477b8,Chavez Learning Academy (LA),31,58
sch_0bc79bd9eebf3949,Animo Ralph Bunche Charter (LA),31,44
sch_a2e75d5608e848e1,Riverside Prep (SS),30,126
sch_eef06a3990932e31,Manteca (SJ),30,112
sch_e36a1aa3b81b314d,Rancho Mirage (SS),30,99
sch_eed723b499b69c7a,Pinole Valley (NC),30,83
sch_1e1f731246bd0889,Pomona (SS),30,83
sch_c0514c61ce14c031,Edison (SJ),30,82
sch_9d1051aa33cd0233,Rancho Cotate (NC),30,80
sch_166579d4a1f99bd6,San Rafael (NC),30,73
sch_a88f9c2942e5100a,Kathleen MacDonald High School,30,70
sch_9de84b1385b99ab5,Gonzales (CC),30,68
sch_9c1365e0014b1c5b,South East (LA),30,68
sch_914f0f42ac565c0e,Bernstein (Helen) (LA),30,64
sch_749e5cc70b2d58b6,Littlerock (SS),30,64
sch_9f5ed8e56e5ff035,Victor Valley Christian (SS),30,63
sch_e0ff70211f4a87c2,Robert F. Kennedy Community (LA),30,61
sch_53672264263b238b,Washington Union (CS),30,59
sch_22ad17737d9c9e0a,Hawthorne (SS),30,54
sch_553a34b0e0ac2118,Oakdale (SJ),29,261
sch_c17fa6e34d51c8f3,Laguna Beach (SS),29,233
sch_f4611c0403c8e796,Menlo School (CC),29,180
sch_31fbae486c0d6261,Lindsay (CS),29,178
sch_c211a8f0ed66fb34,Chatsworth (LA),29,134
sch_da467c16cf3b5313,Carondelet (NC),29,125
sch_0b64f8b2c1eda43d,Academy for Academic Excellence (SS),29,120
sch_0e89c48fa610bf3e,St. Bonaventure (SS),29,120
sch_4aec9357fbf25ed1,Barstow (SS),29,113
sch_bebe5494c0c1cba0,Branham (CC),29,110
sch_a988089968da4f1e,Valley (SJ),29,97
sch_1fe868e990631aa6,Saddleback (SS),29,87
sch_c628ef9735825c57,Leuzinger (SS),29,86
sch_effbfc06087ac69e,Yuba City (SJ),29,86
sch_597544c96b932dfb,Palm Springs (SS),29,83
sch_329c968aadbbb5b2,Independence (CC),29,80
sch_826668b631195d56,St. Monica Catholic (SS),29,80
sch_50e3120e95749eae,Galt (SJ),29,79
sch_473e83a6667043c5,Farmersville (CS),29,77
sch_4746d1f792b3cffe,Lincoln (Abraham) (CC),29,76
sch_daa6349c92a6cf43,Loara (SS),29,75
sch_a2330f3eca4f0112,Palo Verde (SD),29,71
sch_40226ec9f420fab7,Bloomington (SS),29,69
sch_acc577eef080e475,Wilson (Woodrow) (LA),29,67
sch_8f31b0647ba200de,St. Helena (NC),29,66
sch_4b70a3c1cb854a78,Antelope Valley (SS),29,65
sch_f65a46b4254fc4e8,Ganesha (SS),29,60
sch_c88b514bc509fd3a,Alliance Neuwirth (Patti & Peter)(LA),29,41
sch_f33e3c3cffd1fb88,Classical Academy (SD),28,135
sch_a286a93a4ca09746,Cordova (SJ),28,129
sch_40dea2c3e08cfeb2,Rodriguez (Angelo) (SJ),28,125
sch_2fd87e473fa7c3ab,Lincoln (Abraham) (SF),28,120
sch_aed439ab9812bb6b,Mission Oak - Tulare (CS),28,112
sch_9e07c629d83021cd,San Diego High School (SD),28,104
sch_14b56b5f1e4b81b9,Linden (SJ),28,99
sch_7922e1b232ae522a,South El Monte (SS),28,94
sch_e56a9fc1e31f4304,West Campus (Hiram Johnson) (SJ),28,89
sch_fb6a9e21c3d68f9a,Downtown Magnet (LA),28,85
sch_896f97ff9d56aceb,Bell (LA),28,82
sch_96e0f90aee28a0d2,Presentation (CC),28,81
sch_53cba93f68fb13f0,Sylmar (LA),28,81
sch_af2c15c0573d4352,Larchmont Charter School (LA),28,80
sch_9ddd5395186ad6a9,Latino College Preparatory Academy (CC),28,78
sch_0f28e923737065f4,Bellflower (SS),28,76
sch_cc8aea3e96f140b4,Palmdale Academy Charter School,28,72
sch_ec8a7cd72903c77b,Crawford (SD),28,68
sch_6bc70a9e04b1432a,San Ysidro (SD),28,67
sch_9bda93d6a1e2be25,Hanford West (CS),28,61
sch_7a18552fe368253a,St. Mary's Academy (SS),28,61
sch_ea54cd7315358593,Ridgeview (CS),27,309
sch_07a4b75ec04619dd,Sierra Vista (SS),27,169
sch_679873821f11faf3,St. Margaret's Episcopal (SS),27,153
sch_7d010a59c1aa2e5a,Apple Valley (SS),27,132
sch_3be4101ccb540dbc,Coronado (SD),27,126
sch_c5e2eee7c7014d71,El Capitan (SJ),27,119
sch_18de060b78169270,Antioch (NC),27,118
sch_fb13e47b1bfab4c1,Sierra Pacific (CS),27,118
sch_32d0422a7ae8b874,Corning (NS),27,113
sch_458b08e4fc587d6c,Nordhoff (SS),27,103
sch_00e40e081d02bc3f,Canoga Park (LA),27,97
sch_97f36f688cb64318,Urban of San Francisco (NC),27,91
sch_c3ab3995a220277d,Willows (NS),27,90
sch_4377cdfee745414e,Valhalla (SD),27,82
sch_e86dd7eedd0e6a2e,Orthopaedic Medical Magnet (LA),27,79
sch_34e48a7be66c1e05,Grant (Ulysses S.) (LA),27,75
sch_7f9b4bc8e77b3341,Garey (SS),27,73
sch_078d47ab46cebba4,Galileo Academy of Science & Technology (SF),27,71
sch_b676134431bb93b2,Granite Hills (CS),27,70
sch_3e08442fbc8ddbff,Compton (SS),27,67
sch_e84f9d6c393c4723,Girls Academic Leadership Academy (GALA) (LA),27,65
sch_a28859aa8e7a4c5f,Blair (SS),27,49
sch_5221d0c4655e7def,Ramona Convent (SS),27,49
sch_b725d912a6ce1d89,Rosamond (CS),27,45
sch_0de99aa73dbf398f,Cupertino (CC),26,252
sch_6f15f4f3de500639,Marina (CC),26,144
sch_0fd631c704baf955,Madera South (CS),26,93
sch_e7742d1809291136,Bret Harte (SJ),26,91
sch_d8f735ed183c7f2b,Yreka (NS),26,90
sch_981ecde3b7f56c41,Mt. Miguel (SD),26,83
sch_1cd818f427f5bf0e,Cate (SS),26,78
sch_8850a0936c9d11ba,Don Bosco (SS),26,77
sch_a3b8ab61ba085948,Corcoran (CS),26,75
sch_f9febc91efd9a5be,Hawthorne MSA (SS),26,75
sch_0254d0890e2d2682,Hawkins (Augustus) (LA),26,73
sch_9501ff8ef279c165,Golden Sierra (SJ),26,70
sch_d9125f89df744b84,Thacher (SS),26,69
sch_521dd792ae20ffb4,Bolsa Grande (SS),26,68
sch_5ead31977937a769,Twentynine Palms (SS),26,68
sch_7a62729a187f8a21,Roosevelt (CS),26,66
sch_983eb33f69cfad66,St. Joseph - Lakewood (SS),26,63
sch_9cc8b68988308428,Rio Linda (SJ),26,61
sch_7d10b023c4c1b07d,Kipp King Academy (OK),26,60
sch_47c2919127ff105c,Century (SS),26,59
sch_62d29ef4fcadf72d,Pioneer (SS),26,58
sch_fa68022a24c7d120,Live Oak (NS),26,56
sch_ba71472706871a05,Louisville (SS),26,52
sch_7a4c1f3256043470,Marymount (SS),26,49
sch_90f8179640569cd7,Mary Star of the Sea (SS),26,44
sch_ea7817857f5c1fa5,Rivera (Diego) Learning Complex (LA),26,40
sch_4040560519e28354,Cabrillo - Lompoc (SS),25,159
sch_1813df7380895193,Mendota (CS),25,148
sch_40c7aeb0e7ced697,Robert F. Kennedy (CS),25,120
sch_200c9e07449919bb,Coalinga (CS),25,116
sch_03a0c8cd835cac2d,Middletown (NC),25,116
sch_ec19e8af379693b9,Branson (NC),25,109
sch_f7e7fcaedf5e7bd7,Hanford (CS),25,108
sch_937aeaee031cc063,Oroville (NS),25,103
sch_ee451de4f8ec76e5,Savanna (SS),25,102
sch_0a84f76634e2839a,Nogales (SS),25,84
sch_7c5e2d6fa23566d3,LACES Los Angeles Center for Enriched Studies (LA),25,81
sch_209300ef6d0fd362,Armijo (SJ),25,79
sch_4479e1e5c9684c3a,Liberty Charter (SD),25,78
sch_355dbc1d6bb1c87f,Center (SJ),25,71
sch_45bd72acc7639b0c,Buckingham (Elise P.) Charter School (SJ),25,70
sch_8917960d1a42ddc8,Eastside College Prep (CC),25,65
sch_4db2f9b259865025,Pajaro Valley (CC),25,65
sch_d20a3892b8f5c1a3,Andrew P. Hill (CC),25,63
sch_e300f2eb6012e2f9,Oceana High School,25,63
sch_7c39bec755cb7d12,Foshay Learning Center (LA),25,61
sch_1387fad772954e6c,St. Joseph (CS),25,60
sch_7b20af5a8269e19b,Morse (SD),24,368
sch_fe0a091715029306,Crystal Springs Uplands School (CC),24,157
sch_d2591c440c3b15a4,Pacific Grove (CC),24,156
sch_67a8d396df2d4fd5,Central Valley Christian (CS),24,127
sch_b802d4c4f6718b63,Laguna Hills (SS),24,120
sch_98574a6343fb2f40,Colfax (SJ),24,103
sch_0703f089f9111f92,The Nueva School (CC),24,101
sch_1e9a26216b9813b4,East Bakersfield (CS),24,99
sch_10e34f6d15025498,Rim of the World (SS),24,93
sch_0829f7344e8bd7e3,Athenian (NC),24,92
sch_3c314f7be924faf5,Eastside (SS),24,88
sch_b77f114c9470907a,Fillmore (SS),24,82
sch_3122558e4c19dfb0,Mountain View (SS),24,80
sch_c86565414bd969d5,Polytechnic (Francis John) (LA),24,80
sch_fdf18b28e7c9476e,El Cerrito (NC),24,79
sch_17ef2e51a4db7aa3,Concord (NC),24,77
sch_c16bf4c719b02aa0,Franklin (LA),24,74
sch_fbf54819cc377c37,Westlake Charter (SJ),24,63
sch_b9b40c84c55705ab,Sierra Canyon (SS),24,60
sch_c1f7e4ecb2c73794,Marshall Fundamental (SS),24,58
sch_9ceacd33d930f936,Mercy - Burlingame (CC),24,51
sch_cef5a74f1d7cd0b0,Grant Union (SJ),24,48
sch_6f670518027e4fb9,Caruthers (CS),23,154
sch_965d6bbf69decac5,Palma (CC),23,128
sch_77b71918dacc96d0,Avenal (CS),23,113
sch_823ad2c1fdaae1ac,Merced (SJ),23,110
sch_e4939e9322824d5b,Lassen (NS),23,105
sch_425637649efb0028,Flintridge Sacred Heart (SS),23,100
sch_8c9e978f124d2c09,Fortuna Union (NC),23,89
sch_b390f732dd451532,Academy of Our Lady of Peace (SD),23,80
sch_19afac687e4e0c01,Soledad (CC),23,75
sch_0430695503e36b18,McNair (SJ),23,72
sch_b39bd0ea34637be8,Rancho Dominguez Prep (LA),23,72
sch_b8d3242e653111ae,Woodland Christian (SJ),23,67
sch_abd3b2a50f76ed82,Encina (SJ),23,64
sch_c91d105847c1fef9,Riverdale (CS),23,59
sch_0bf05b962731d797,Whittier Christian (SS),23,59
sch_92ad57f6e908c3c5,Sonora (SJ),23,58
sch_ea51d72dd0942c62,Sierra (CS),23,57
sch_62642f74a0ef1d2d,Paradise (NS),23,56
sch_e6741b37416ae8f4,Kearny (SD),23,52
sch_4158f4a13bf98d69,Lynwood (SS),23,52
sch_0da7d9adfc4e0a37,Sherman Indian (SS),23,52
sch_7f6da5d930048fbf,Jordan (LA),23,49
sch_5d8aeb131c211491,St. Pius X St Matthias (SS),23,46
sch_5c168992934ecdaa,Fairfield (SJ),23,44
sch_0a7c0b9df2a30ce8,Gridley (NS),23,43
sch_5b20835329199287,El Monte (SS),22,130
sch_415e0e85156bc5d2,Casa Grande (NC),22,107
sch_35c58d6a62c010a5,Burbank (Luther) (SJ),22,106
sch_5761945d912b5ce8,Madison (SD),22,102
sch_5affd5e92a6c6b52,Balboa (SF),22,96
sch_cc212925da969287,College Preparatory School (NC),22,94
sch_78f5abe4d19d335a,Brentwood (SS),22,91
sch_a56213804dfdda7a,Firebaugh (CS),22,90
sch_3435a0d2ec2f7585,Christopher (CC),22,88
sch_0e56c06db96ec930,Arrowhead Christian (SS),22,87
sch_58ea2b5cfd80144f,South San Francisco (CC),22,86
sch_3143af0b704c3d3a,Woodland (SJ),22,82
sch_ca4df25f7fe0f039,California Academy of Math and Science (SS),22,81
sch_f1304b7d2c3e1934,Santa Cruz (CC),22,80
sch_b6c860aff7a18bbc,Ripon Christian (SJ),22,77
sch_dcb4eac61a273aa9,Adelanto (SS),22,75
sch_5f72c728b1f8e9dc,Redwood Christian (NC),22,74
sch_8641bdaf2fb28af4,Hoover (SD),22,73
sch_2e6367f7f8fa5b6f,McLane (CS),22,72
sch_d7c662e625b918a1,Montgomery (NC),22,70
sch_2e243773e00e8b4d,Chavez (Cesar) (SJ),22,67
sch_cf6c8bcf511e6663,Heritage Christian Northridge (SS),22,65
sch_89da098855b8d098,Summit Shasta (CC),22,62
sch_9701cd1852188f85,Notre Dame - Riverside (SS),22,61
sch_29db9fb0a55b16fd,Village Christian (SS),22,59
sch_7b705fe5321461ee,Marquez (Linda Esperanza) (LA),22,58
sch_df38f643625b4dae,Alpha Cindy Avitia (OK),22,52
sch_7d11cf96f3738dcd,Campbell Hall (SS),22,51
sch_c7e12b221cf020fb,Technology (NC),22,50
sch_34405154c5f63db6,Lennox Academy (SS),22,41
sch_a6c49d1b4215ad13,Crenshaw (LA),22,35
sch_4b113e861acc5ef4,Oak Grove (CC),21,149
sch_b4816a98e4648627,Bishop's School (SD),21,109
sch_ce4cc314bc8f8096,Mar Vista (SD),21,105
sch_c0f65917cb3f5e7d,Pacifica Christian - Orange County (SS),21,77
sch_df422520eb3779d1,Rancho San Juan (CC),21,75
sch_6d438aac97c9ed8d,Pilibos (Rose and Alex) (SS),21,64
sch_4fd37d5ff8d550c8,Colusa (NS),21,63
sch_29c9beef33425b01,Notre Dame - Belmont (CC),21,62
sch_9522ac8806cc7fb3,South Tahoe,21,59
sch_8413648c5b53d071,Durham (NS),21,57
sch_215982b3a399c9e7,Santee EC (LA),21,57
sch_e0e565d864b2e87c,Calvary Chapel Downey (SS),21,54
sch_c70f032c35c7084e,Holt Academy (SJ),21,52
sch_e47cafc0b37fdf06,Los Angeles (LA),21,48
sch_a8adbf309e34e5f4,Animo South LA Charter (LA),21,44
sch_49cea8979df3dc26,Dominguez (SS),21,39
sch_ba5c0f9fb5a7c7d5,Redding Christian (NS),21,36
sch_fe08be64cbc04e80,Fresno (CS),20,120
sch_64eb2dc145c09fcc,Castilleja School (CC),20,98
sch_03c02db9a53d70e0,Horace Mann UCLA Community (LA),20,91
sch_7e19d4dc343c85e1,Excelsior Charter (SS),20,87
sch_4fa46b9f62681ab2,Beverly Hills (SS),20,78
sch_8b20125bb6c45be7,Gardena (LA),20,67
sch_96daf6d231f5e606,Yucca Valley (SS),20,66
sch_1a0917475d4296a3,Delhi HS,20,58
sch_28730b22d43e91c6,Marlborough (SS),20,58
sch_dae2af5f9ba0d90a,Williams (NS),20,58
sch_e0cde70f2ffd5758,Vallejo (NC),20,57
sch_0b1a551284204a44,Pasadena (SS),20,56
sch_7e661284f5f25778,Orange Cove (CS),20,55
sch_e044acc7ab8b41de,Sonoma Academy (NC),20,54
sch_ec050492a27a4e89,East Valley (LA),20,52
sch_9c08a8bb39b1bdc4,The Academy - San Francisco at McAteer (SF),20,52
sch_cfa26273ff8176ea,California School for the Deaf- Riverside(SS),20,49
sch_f970621b791ed2a1,Mission (SF),20,47
sch_b6cc01d857866985,Natomas (SJ),20,47
sch_293c551119344524,Jefferson (LA),20,46
sch_ee4ee735ec74f639,Rio Hondo Prep (SS),20,46
sch_a9b89dae69646e91,USC Hybrid (LA),20,44
sch_1a8af7a989806f9c,Vasquez (SS),20,43
sch_aacbdb54dad019f0,Duarte (SS),20,42
sch_2d7514f57bb2fde8,Rosary Academy (SS),20,42
sch_9bc5aca0c8319c45,East Nicolaus (NS),20,40
sch_96c32d7d50c0c3f1,ABLE Charter Stockton,20,39
sch_35af1e26d83cb983,Arleta (LA),20,38
sch_f678222bb4a6c462,Kipp Navigate College Prep,20,38
sch_1d4a4c796756b9b8,Highlands (SJ),20,36
sch_daf6071b631e4f38,Locke (Alain Leroy) (LA),20,35
sch_9411abbbb89b6aa5,Live Oak (CC),19,193
sch_ee83e31aaa6f357e,Woodlake (CS),19,121
sch_796ad354114c7d19,Crossroads (SS),19,105
sch_b4a3bab38020da18,River Islands,19,101
sch_d3708e118afca55b,Denair (SJ),19,99
sch_15c5bfac2023fa65,Bakersfield Christian (CS),19,91
sch_16c14d629825ec10,Liberty - Madera Ranchos (CS),19,88
sch_bf512fb06a8109cc,Kern Valley (CS),19,84
sch_99b6d505f17a2268,Windsor (NC),19,83
sch_f086f771eefa1d74,Vista del Lago (SS),19,82
sch_11ebb1ae13a80fe8,Central Valley (NS),19,76
sch_b8a86e7ab71ed981,Yeshiva (SS),19,75
sch_1cb01636343dac42,Del Norte (NC),19,72
sch_acf026004892c862,Temecula Preparatory (SS),19,68
sch_ed93f7f907b40320,Bassett (SS),19,66
sch_be6a3f24d4573854,Yerba Buena (CC),19,61
sch_66cc6c5f06966df8,Dixon (SJ),19,59
sch_0459fc73aac6a089,Florin (SJ),19,59
sch_5b9f1182d452d2b2,Magnolia (SS),19,56
sch_61cb99c2aed4cde6,Escondido Charter (SD),19,55
sch_a5570de9aa924b6d,Lindhurst (SJ),19,54
sch_bee10393a36d999b,Kelseyville (NC),19,48
sch_4ce950e95456edbf,Logan Memorial Educational Campus,19,46
sch_5fff2ae84f2db87b,Bethel (Jesse M.) (NCS),19,39
sch_12a9f8244f073f04,Bradshaw Christian (SJ),18,111
sch_28a8b7bef90d4e8b,Santa Fe Christian (SD),18,82
sch_e5ab61f6987258c9,Woodside Priory (CC),18,78
sch_a7dd8c002598f7f8,Berean Christian (NC),18,75
sch_3176ad8b89ea1012,Vanguard College Prep,18,73
sch_ee26f15fc4486edb,Pacifica Christian - SanMon(SS),18,68
sch_7e653a3b4e773168,James Lick,18,66
sch_bee872d1df2aa604,Garces Memorial (CS),18,65
sch_af9f9f1c06becfe0,Liberty Ranch (SJ),18,64
sch_7e08498401812445,Westridge (SS),18,59
sch_59645b6d962d56f2,St. Joseph Notre Dame (NC),18,58
sch_bfaeed9252aa3fa6,Ygnacio Valley (NC),18,57
sch_21d9fc70b9149e98,Tranquillity (CS),18,56
sch_8fbd903aaae51ffa,Gilroy (CC),18,55
sch_2bded986669b18dd,St. Lucy's (SS),18,55
sch_bf064b7021d84724,Bishop Union (CS),18,54
sch_bde328713bc5c5e4,Huntington Park (LA),18,52
sch_1bf988be7dcd25bf,San Lorenzo Valley (S.L.V.) (CC),18,51
sch_26640832df654cc4,Mayfield (G) (SS),18,48
sch_5f6d1eba036d0958,Charter Oak (SS),18,47
sch_cde71871ae78a5b4,River Valley (SJ),18,45
sch_68820d2d26c8d7ad,NP3 High School,18,44
sch_c136ed6edf3bd87f,Edgewood (SS),18,39
sch_9a460b3fbfb77386,Santa Clara (SS),18,39
sch_c6c97d7e19f0d6ad,Valley Christian Academy (SJ),18,35
sch_7850ec8cdc322509,Roseland University Prep (NC),18,34
sch_47155ddd0485dc64,Crestview,18,33
sch_f9bcf86ea16ffa13,Fairfax (LA),18,33
sch_15b672f1b0815c5e,Emery Secondary School (NC),18,28
sch_8620cf05a7f039eb,Dymally (LA),18,24
sch_e4a13bf98aa6d883,EF Academy (SS),18,22
sch_2f2f11095eeccbc8,Dunn (SS),17,110
sch_180e09e6a7affeb7,University Prep (SS),17,90
sch_86ef0e04eff97afa,Trinity (NS),17,88
sch_35ce0cfa539635e0,Polytechnic - Pasadena (SS),17,68
sch_51a6d131b8627daa,Orange Glen (SD),17,65
sch_644cad8d3d0178f1,Pierce (NS),17,60
sch_a96279d3aab1813a,Baldwin Park (SS),17,56
sch_d38f6fd1c13d853c,Coastal Academy (SD),17,55
sch_7db171822cc48250,Salesian (B) (SS),17,55
sch_56e9d1eca7602b37,Salesian (NC),17,54
sch_ea6271600d1876d1,Summerville (SJ),17,53
sch_34f9d668a1700611,Palmdale Aerospace Academy (SS),17,52
sch_4d4a8b49838cadc6,Centennial Compton (SS),17,50
sch_827794c5f948f074,Del Oro (CS),17,46
sch_9ee81fb212e8dcce,Upper Lake (NC),17,43
sch_5010d7bfddc9b98d,Manual Arts (LA),17,41
sch_af35d188f772001e,Compton High School,17,38
sch_a942f2c5f38d6b74,Mt. Eden (NC),17,37
sch_8d5ef40624711f75,Mammoth (CS),17,36
sch_12da4d0fb0cf517a,Magnolia Science Academy Santa Ana (SS),17,34
sch_65fc460299c2f5ea,VAAS Valley Academy of Arts & Sciences (LA),17,31
sch_35e4a529998af679,Fremont Christian (NC),17,30
sch_e021fb6111ad12ae,Guajome Park Academy Charter (SD),16,129
sch_1d54649dde31f3b6,Monte Vista Christian (CC),16,114
sch_d98069568fc767cb,Bear Creek (SJ),16,85
sch_2202a7b262d5574e,Hillbrook School,16,80
sch_0f5772f2a74fba1d,CORE Butte Charter School,16,76
sch_ff06c57cb06625b7,Clairemont (SD),16,63
sch_6bcae8a1db5810d2,St. Bernard Catholic (NC),16,61
sch_da4e31bb65cfa87c,Johnson (Hiram W.) (SJ),16,49
sch_46e2b3cbe8921b78,St. Genevieve (SS),16,48
sch_2c442d4689bd9f6d,Calvary Chapel Santa Ana (SS),16,46
sch_b4452b365e8e8390,Pomona Catholic (SS),16,41
sch_bc4e250ee44e8931,Alliance Burton Technology Academy (LA),16,38
sch_41fdfb9e610bf9de,Destiny Christian Academy,16,33
sch_326e17e5079a9a81,California City (CS),16,32
sch_356a95ab5e36b1dc,Alliance Marine (LA),16,31
sch_4faf10590ac14a23,Pacific Bay Christian (CC),16,30
sch_74ab71a6ff3ed5d1,Westchester Enriched Sciences Magnet (LA),16,30
sch_db4f4bb3c0c0714b,Aspire Olin University Preparatory Academy (LA),16,29
sch_b345c98ef56fb384,Verbum Dei (B) (SS),16,28
sch_b500ca7fa4785328,Cuesta College,16,16
sch_71b63b58ef03c11f,Scotts Valley (CC),15,147
sch_95ebb9f83f030ce1,Chadwick (SS),15,111
sch_7419d4de7c6b58d4,Windward (SS),15,110
sch_d853b03d5198df39,Holy Martyrs (SS),15,98
sch_f7b77fb59b99ebb9,Ukiah (NC),15,92
sch_8de529c28a277c34,Sobrato (Ann) (CC),15,77
sch_6ea92b0d9b3b2386,Sacred Heart Prep (CC),15,68
sch_8e8a7e9c0b39e2cc,Wonderful College Prep (CS),15,68
sch_76e9dee25c968ba6,Sacramento Adventist Academy (SJ),15,67
sch_46169c82758e7bd6,Vista (SD),15,67
sch_3c7696c67708f530,Jefferson (CC),15,66
sch_7f3f7257b186312f,Desert Christian - Lancaster (SS),15,63
sch_b00c34ade0c4ce2e,Sotomayor (LA),15,54
sch_aa655ac65d1d8669,Mt. Shasta (NS),15,50
sch_e53526bd19a542aa,Sun Valley Magnet (LA),15,50
sch_c462f786bb2c79fb,High Tech - Mesa (SD),15,48
sch_009b128828687e75,Pacific Ridge (SD),15,47
sch_86cd82e695065035,Sacred Heart of Jesus (SS),15,47
sch_72a77bddf3451e7a,Fresno Christian (CS),15,46
sch_5343d759ddf26fab,Anderson (NS),15,45
sch_7e13fb315c861163,Magnolia River Springs Charter (SS),15,42
sch_7c808f1c307f33ea,Sonoma Valley (NC),15,41
sch_d18ee687a3f19bfa,Hoopa Valley (NC),15,36
sch_9d39e5de2abda770,Community Charter Early College (LA),15,32
sch_b103f808003b396c,Wallenberg (Raoul) Traditional (SF),15,30
sch_3a127ba198dd073e,McClymonds (OK),15,22
sch_39d8e1cd743d417d,Santa Rosa Academy (SS),14,146
sch_c94fa614b68eead3,Head Royce (NC),14,104
sch_b1c0847cda94a057,Yosemite (CS),14,84
sch_4c220bc5b707cc08,Orland (NS),14,79
sch_4e481f7056645daf,Parlier (CS),14,67
sch_494c68aebba4081e,Maranatha Christian (SD),14,66
sch_e2e101f60e4924ce,Castle Park (SD),14,62
sch_f86ca5a56a500d86,Bentley Upper School (NC),14,58
sch_2dadd39a8ce09e97,Vacaville Christian High School (SJ),14,58
sch_34316abeb50bab3e,Immanuel (CS),14,55
sch_1f06f529f59637d2,International School of LA (SS),14,53
sch_63295ea9279cb602,Half Moon Bay (CC),14,51
sch_b22a4f3fabae183b,Kipp San Jose Collegiate (CC),14,48
sch_141a3b027692bfe7,Marysville (SJ),14,47
sch_db9cdadb656e5a1f,Hamilton City (NS),14,43
sch_3897318435ef3db1,Immaculate Heart (SS),14,42
sch_875110ec4fc9d156,Army & Navy Academy (SD),14,40
sch_a10b5bd929705777,Roybal Learning Center (LA),14,37
sch_e79f0dbe2b528a86,Sacramento (SJ),14,37
sch_ea5a751e9cd6951a,St. Anthony (SS),14,37
sch_64f8c7f1f3052ea0,Etna (NS),14,36
sch_243759bcf73e1562,Mesa Verde (SJ),14,33
sch_33a8ac0257d82511,Mariposa County (SJ),14,30
sch_1656c289c711f065,Laguna Blanca (SS),14,28
sch_0b155f4620e15b96,Tennyson (NC),14,27
sch_77ceace808ab9bbf,Anaheim Discovery Christian (SS),14,22
sch_53c214d927b2e880,Samueli Academy (SS),13,144
sch_283a4924b1fb0757,Francis Parker (SD),13,108
sch_29710e58e96de695,La Jolla Country Day,13,92
sch_c171c72a392a4287,Winters (NS),13,86
sch_054f65b5bb95bb40,Bay School of San Francisco (NC),13,72
sch_25898b1f667a95f3,Malibu (SS),13,71
sch_e099422e39a6a719,Santa Catalina School (CC),13,65
sch_98533f02274cdf40,United Christian Academy (SS),13,63
sch_053cc29cc5c89c5b,MACES Maywood Center for Enriched Studies (LA),13,56
sch_9cfef2645ca2bed1,Delano (CS),13,53
sch_1b939b02fe02b71b,Chula Vista Learning Community Charter (SD),13,49
sch_19a5f84a54f88cdf,ICA Cristo Rey (SF),13,46
sch_f0c67607239c590d,Fall River (NS),13,45
sch_30af0dde8c374585,San Gabriel Academy (SS),13,35
sch_00eee0903492800d,Harbor Teacher Prep (LA),13,34
sch_3261494dd208189d,Del Lago Academy (SD),13,33
sch_1ed8b259de1431d9,Sequoyah (SS),13,31
sch_cd24087fc7d08d49,Cristo Rey Orange County (SS),13,28
sch_5df0bb05c7adf7db,Loma Linda Academy (SS),13,27
sch_a66408696ab9d710,New Designs Charter School (LA),13,26
sch_a031147b594a8f61,Central City Value Charter (LA),13,21
sch_65e4e2aa39b83ade,Richmond (NC),13,17
sch_4bc25e04727cbef2,Downtown College Prep (CC),13,14
sch_e029de374570b83f,High Tech - North County (SD),12,99
sch_6135cddc6c212743,Notre Dame Academy (SS),12,80
sch_0c482fab7e49cc62,Archer School for Girls (SS),12,74
sch_c869f1da211ab10c,Lucerne Valley (SS),12,60
sch_1e2ed23be3d7a8c2,Weston Ranch (SJ),12,59
sch_976d39becce9a297,St. Thomas More (CC),12,58
sch_3152307b9d6e5b74,High Tech - San Diego (SD),12,53
sch_2e5d717a8535a83e,Gateway (NC),12,48
sch_a33758b3bcbf89ed,York School (The) (CC),12,36
sch_b089d226afe594c4,Calvary Baptist (SS),12,35
sch_2dc946a997bb0bbb,Willits (NC),12,33
sch_aa46fbd4de4d0b02,Azusa (SS),12,32
sch_1f8b0a310107625c,De Anza (NC),12,30
sch_167daba3c0ff0b5b,Rise Kohyang (LA),12,30
sch_8b85f3fbda21ed44,School for Entrepreneurship (SD),12,30
sch_0be47866afb0c51e,Calistoga (NC),12,28
sch_4f41f30ad04afa39,Ferndale (NC),12,28
sch_5971b6e34e3e1a19,Grove (SS),12,28
sch_b6ae74d0c081201a,Ojai Valley (SS),12,28
sch_95e4f9e89169c52d,Cristo Rey,12,24
sch_9697c32b291c9e2c,Garden Grove,12,20
sch_badee331d82df7fc,University Prep Value (LA),12,17
sch_ad3a96e14cd0a6e2,Vistamar (SS),12,17
sch_32a058a3310db065,Geffen Academy at UCLA (SS),11,108
sch_aa72ea7ab6f2acbb,Cobalt Institute (SS),11,81
sch_8dc9a45699a453a2,Desert (CS),11,56
sch_331d421183b1bca7,High Tech - Chula Vista (SD),11,44
sch_cd12498065ad49b6,Victory Christian (SD),11,44
sch_ba7edeac44c4a0b7,Summit Tahoma,11,36
sch_c45371ea3c3f6f62,Buckley (SS),11,33
sch_c4ac9f2cccade6a0,Castlemont (OK),11,33
sch_3099780436018f0e,St. Patrick - St. Vincent (NC),11,32
sch_acbbf6eee9d372ca,Torres (Esteban) (LA),11,30
sch_05d0992a2d0abef5,Mid Peninsula (CC),11,29
sch_e303810411b920ae,Gunderson (CC),11,26
sch_63d1737c90ecce28,Jordan (SS),11,26
sch_96a3d79577381124,River Valley Charter (SD),11,26
sch_730ea576f4f3b7e7,Ceiba College Prep,11,25
sch_514e9b1d87776d98,Leadership Public Schools Hayward (OK),11,25
sch_ece538bc62dec493,Valor Academy (LA),11,25
sch_437ba48953447b56,Magnolia Science Academy 2 (LA),11,23
sch_5a118cb816c34166,Aspire Stockton Secondary Academy,11,22
sch_90d225cd90e1a82f,Langston Hughes (SJ),11,19
sch_54b0586489aa74e0,San Francisco International (SF),11,19
sch_21cf6c42fb99c635,Animo City of Champions,11,18
sch_8237d347ae61ff81,Tri-City Christian (SD),10,187
sch_b8c29e74b3630689,Wildwood (SS),10,102
sch_9e9b2b63daa4ea93,Pinewood (CC),10,89
sch_7ec85b3bd1dfe993,Foothill - Sacramento (SJ),10,68
sch_b2c35a12f8619205,San Lorenzo (NC),10,68
sch_871275aa148aba57,McKinleyville (NC),10,64
sch_44de3a046ba196c8,Mt. Pleasant (CC),10,55
sch_28e4ee5dda683721,Sierra Academy of Expeditionary Learning (SJ),10,55
sch_6d04b6a64d4838ee,Pacific Collegiate (CC),10,54
sch_298ac8c817e5fc05,Design Tech High School,10,49
sch_364da3144ab0785b,Oakland Military Institute (NC),10,45
sch_49ac9629e1fa0cc3,St. Bernard (SS),10,43
sch_ecb2e29ecc7ebc15,Glenn (John H.) (SS),10,42
sch_8ea804c7f4d1cb33,Vincent Memorial (SD),10,41
sch_c7fd3ad96603a2d0,Brio College Prep,10,38
sch_512ebe71543c7709,Mendez (LA),10,38
sch_872fddf5d8783ca7,Summit Charter Collegiate (CS),10,38
sch_3769c2a0a625cab3,Angelou (Maya) Community (LA),10,35
sch_944589e4682cfe48,Bayfront Charter (SD),10,34
sch_0524035746e33c4d,Providence - Burbank (SS),10,34
sch_a43d2697138834ea,Newbury Park Adventist (SS),10,32
sch_66cb4d146980f421,USC Media Arts & Engineering (LA),10,27
sch_caba2eeffcbb7ad3,The Seed School of Los Angeles,10,26
sch_18eae6c08a0a9a0c,Washington (George) Prep (LA),10,26
sch_2a69e73d841ec180,Maxwell (NS),10,21
sch_4619f8c792af851b,West Adams Prep (LA),10,21
sch_b96051dbaf3062ef,Public Safety Academy (San Bernardino),10,15
sch_78484604ce1e78bb,Lakeview Charter (LA),10,14
sch_bfdf166ebe871cfb,Monterey Bay Academy,10,14
sch_f6a6919829cab55b,Alliance Gertz Ressler (LA),10,11
sch_e054eb0bc4947933,San Jose City College,10,10
sch_bac83c3dee0d40e7,Sacramento Country Day (SJ),9,112
sch_b8f7dd17b4998c26,Drew Prep (NC),9,60
sch_a8f3ca4274714fd4,Calvin Christian (SD),9,52
sch_db709f80d8107810,Healdsburg (NC),9,50
sch_554a3e795ec04c28,San Gabriel Mission (SS),9,34
sch_8ab3fae2b06533c7,Franklin (SJ),9,31
sch_51b5199528dbeea5,Butte Valley (NS),9,29
sch_236f3e0640841f97,Preuss School USCD (SD),9,29
sch_20970b84244fd9f9,Biggs (NS),9,28
sch_080e09bbe24a1214,Cristo Rey (SJ),9,28
sch_134f23ac4cd37531,Maywood Academy (LA),9,28
sch_6b9885cc37dd5b7c,Animo Leadership (SS),9,27
sch_7f76340c4e999a41,Lake Balboa College Prep (LA),9,25
sch_0f549d823b93b208,Oakwood (CC),9,25
sch_685ad6b2f5be192e,Port of Los Angeles (LA),9,25
sch_3c646a548e20a4ab,Villanova Prep (SS),9,25
sch_117ee96ff0fb880f,Animo Jackie Robinson (LA),9,22
sch_cb282e9633401ff6,Ambassador (SS),9,18
sch_896c293b53b73855,Summit Leadership Academy,9,15
sch_75783d5c00abfb01,Hiram Johnson,9,14
sch_7d2a8048740a1903,Capital College & Career Academy,9,10
sch_270ff36dd539c04c,Modoc (Alturas) (NS),8,62
sch_2dd485135e24f416,Western Sierra Collegiate Academy (SJ),8,50
sch_31f7da404f8b8655,River Springs Charter Hemet (SS),8,36
sch_cb7b027292bc731d,Pilgrim (SS),8,30
sch_8495cb83b550e79e,Holy Names (NC),8,26
sch_5f0db8738d437b17,Holy Innocents Academy HS,8,25
sch_3ad64d2dcc8fd600,Millennium Charter School (SJ),8,25
sch_7a1e5a9f7c620d8f,Calipatria (SD),8,23
sch_b68b061d6c186541,San Joaquin Memorial (CS),8,23
sch_70e4e1435b5f3a19,Shalhevet (SS),8,23
sch_2bdf5cd48e701b29,Bishop Diego (SS),8,21
sch_18fd474b30ad3cb5,Wallis Annenberg (LA),8,21
sch_60738072b3282620,ACE Charter,8,20
sch_62e1a605d75e8dc8,NOVA Early College High School (SS),8,19
sch_dc4d312ed1037c00,New Designs Charter (Watts)(LA),8,17
sch_f79d8d0906dd5f74,Orion International Academy,8,17
sch_1efd73b8f7ad9cdd,Coleman Tech Charter (SD),8,16
sch_9229cf1976aa291c,Mt. Diablo (NC),8,14
sch_ab7c9947107ade65,Alliance Simon Technology Academy (LA),8,12
sch_95cd8a7bb4fc6a54,TEACH Tech (LA),8,12
sch_c712da1ba0252e0a,Alliance Collins Family (LA),8,10
sch_df033b44b0182eda,San Francisco Waldorf (NC),7,40
sch_14f0a3e683f47b2f,Chesterton Academy of Sacramento,7,37
sch_c9351e4310821a25,University Pathways Public Service (LA),7,36
sch_b430b80ab657f73c,St. Francis Salesian Prep (CC),7,35
sch_6d9032132bd53148,Stratford Prep Blackford,7,34
sch_a4eafe534a6a8f5b,Cloverdale (NC),7,33
sch_0f8213fe210f1435,Gustine (SJ),7,30
sch_47da57526a2385cb,Trinity Classical Academy (SS),7,30
sch_7dfaba53aad08c3b,Discovery Prep (LA),7,29
sch_2a2ce63bdad2c2f8,Fairmont Prep (SS),7,27
sch_e0c30dfc33f5ee0a,Foresthill (SJ),7,27
sch_1e0be1527b349aa4,Vaughn Learning Center (LA),7,27
sch_1382ccae1879da05,Workman (William) (SS),7,25
sch_916210f9d2045d9e,Compton Early College High School (SS),7,23
sch_f6162b6882fd8009,Fulton College Prep (LA),7,23
sch_d138140ed9095237,American Indian (AIMS College Prep) (OK),7,20
sch_a6e2cd8c273eb580,Heritage Oak School (CS),7,20
sch_357865b926f76ab6,California Lutheran (SS),7,16
sch_8ce9bb59c258efee,Clear Lake (NC),7,16
sch_b9c6f5b5af53540c,Avalon (K-12) (SS),7,15
sch_b0f85a2e504f3016,Julian (SD),7,14
sch_f67a0665b4c00725,Delta Charter (SJ),7,13
sch_6dc1d44820b6cd60,Rex and Margaret Fortune Early College HS (SJ),7,13
sch_dfb0c8f13cf1361e,San Pasqual Academy (SD),7,13
sch_44f6c8c0d1701a99,Victory Christian (SJ),7,13
sch_e08d0cd70c333aec,Anderson Valley (NC),7,12
sch_951cf4e3eb0f85d3,Grace Christian Academy (NC),7,11
sch_a2de98c133e1c10e,Health Sciences (SD),7,10
sch_7551a98eb84fd5c8,Alliance Health Services Academy (LA),7,7
sch_6f10eea8acea2e11,Credo High School (NC),6,73
sch_505d927c37744b1e,Quarry Lane School,6,71
sch_7646300f043d267b,Capital Christian (SJ),6,47
sch_11f290cf75873051,Weed (NS),6,41
sch_d30599971f175b2c,La Puente (SS),6,40
sch_cd5a7a2bcf80d389,Rancho Christian Schools (SS),6,40
sch_4bf055afa452b128,Golden Eagle Charter (NS),6,36
sch_477ae389c9bce46e,Animo Pat Brown Charter (LA),6,24
sch_644ea0cb1d46334b,Chartwell (CC),6,24
sch_b490152f5fc29e40,Fremont (OK),6,23
sch_d3703c8ef7402d12,View Park Prep (LA),6,21
sch_c9124221ba47f78f,Math and Science College Prep (LA),6,18
sch_9071c1fb6877bd06,University (CS),6,16
sch_ed311846fd812ed4,Boron (CS),6,15
sch_497c4eb3337ae384,LPS-Richmond (OK),6,15
sch_6cc122f1cb6171bc,Rock Academy (The) (SD),6,15
sch_6e4f521edddc8dc3,Making Waves (NC),6,14
sch_94c7c74c732f6d98,Besant Hill (SS),6,13
sch_21e1ee0cb4593d99,O'Connell (John A.) (SF),6,13
sch_032b035b6d4826fe,St. Joseph Academy (SD) (Formerly Sierra Madre),6,13
sch_11f4ec066ea13b30,Entrepreneur (SS),6,12
sch_e7ded448be87af0c,Frazier Mountain (SS),6,12
sch_f535bb0d6e0d75b9,Environmental Charter (SS),6,11
sch_9b33af952263cd41,South Fork (NC),6,11
sch_18007ff0ae57e8aa,Alliance Levine (LA),6,10
sch_444ac405e6da7ded,CALS Early College Charter (LA),6,9
sch_64bc2857ebb03084,Academia Avance Charter (LA),6,8
sch_f41ccc151e66a867,Alliance Bloomfield (Margaret M.) (LA),6,8
sch_85696ed20c9bdb39,Weaver (Jack) (SS),5,78
sch_65745141efc3eed0,John Adams Academy- Roseville (SJ),5,65
sch_9ffefc464edc5705,Kings Christian (CS),5,57
sch_19387fc014cfad10,HOPE Schools International Homeschool,5,43
sch_cf7834007fcde61d,"Kirby, Georgiana Bruce (CC)",5,43
sch_7fd5cd05ca43b522,Rolling Hills Prep (SS),5,29
sch_5159f7e0b0214991,Lakeview Leadership Academy,5,28
sch_405cf58de35e93d1,Crossroads Christian (SS),5,26
sch_784ca050b9bd1cd0,River Springs Charter Temecula (SS),5,22
sch_1a3c036f63fe2aec,Bishop Conaty-Loreto (SS),5,21
sch_5d7bfe5b9883ecda,Anzar (Aromas-San Juan) (CC),5,20
sch_5e9c3cba772a77ef,Kehillah Jewish (CC),5,19
sch_97ed633af666d6d7,Shasta High School,5,19
sch_83fe10b5612aa3fd,First Baptist Schools (SS),5,18
sch_936d69f7c35c2410,Elite Public Schools,5,16
sch_8990abcc18c594d8,Foothills Christian (SD),5,16
sch_051db5ebdc4fd8a2,Immanuel Christian (SS),5,16
sch_588e5964827d9f47,Providence - Santa Barbara (SS),5,16
sch_de78beb44ae1ef5d,Lancaster Baptist (SS),5,12
sch_00b7d61f8978ceab,Needles,5,12
sch_5469d8f8bd9e2b38,Quincy (NS),5,12
sch_59ce3ed926fea6a3,Highland Hall Waldorf (SS),5,11
sch_53f5e82b56f41092,Monarch Academy (SD),5,11
sch_5fade84ed973a6fe,Pacific Union College Prep,5,11
sch_02e1618f2a562be7,KIPP Esperanza High School,5,10
sch_d8a010d13d6b1b66,Latitude High School,5,10
sch_ecd4af00f2668f17,Leadership Charter (SF),5,9
sch_373fb494152d5a9d,Shasta Secondary Home,5,9
sch_95d34f40dc0b0a22,Delta (SJ),5,8
sch_4bb78045a1de828b,Life Academy (OK),5,8
sch_e3fc3e2794e82f01,Roseland Collegiate Prep,5,8
sch_9cb338b614e85a1d,Rise University Preparatory,5,6
sch_932707b076688f6b,Centennial High school,5,5
sch_78e151e61630944f,Mt. Madonna (CC),4,59
sch_a6a8d733f21f46b5,Rio Vista (SJ),4,53
sch_61250372da89587e,Cambridge (SD),4,38
sch_8d67197b0c1a71e9,San Diego Cristo Rey,4,34
sch_c9628add64abd954,Contra Costa  Christian (NC),4,19
sch_21adcc3f9fcb9208,Elsie Allen (NC),4,19
sch_0fd918241fafde24,Portola (NS),4,17
sch_a18f22a736bff02b,Valley Charter,4,17
sch_8f38583798224607,Alliance Stern (Marc & Eva) (LA),4,15
sch_25c6a41096068002,Tulelake (NS),4,15
sch_05bf93ff606cb538,Bonsall (SD),4,14
sch_7b4fc4de62cc85ba,Mountain Empire (SD),4,14
sch_d803ea1b0b439103,Endeavor Charter,4,13
sch_41c7e9ed5ef72d5c,St. Monica Academy (SS),4,13
sch_0bafee7bd0275b32,Loyalton (NS),4,12
sch_5436173236f14518,Turlock Christian (SJ),4,12
sch_a2d452261cccb171,Laton (CS),4,11
sch_b7e6558f41908f26,John Adams (El Dorado Hills),4,10
sch_a1dce6326940f40f,Magnolia Science Academy 1 - Reseda (LA),4,10
sch_ebc870c7336e0a2d,Midland (SS),4,10
sch_3ba2d0961c4fcb80,Triumph Charter (LA),4,9
sch_1e39f10e21ee6386,Lifeline Education Charter School,4,8
sch_07daad70e5d285d0,Oak Grove (SS),4,8
sch_66940579d5b76245,Westbrook Academy,4,8
sch_db9f79087cbe9610,Esparto (NS),4,7
sch_a8bf06c9fe17c754,Episcopal School of Los Angeles (LA),4,6
sch_074e086c24bc5b19,Hayfork (NS),4,6
sch_78bcdfed6bbef8a7,Madison Park Academy (OK),4,6
sch_2a53a6565ea93ac3,EC Track Club,4,5
sch_60e50f9cfaaff102,Saint Jeanne de Lestonnac,3,100
sch_b56321b215e36373,Burney (NS),3,33
sch_5467abf71ae8cb89,Pinewood,3,28
sch_852c619a52b24eb4,Legacy College Prep (SS),3,25
sch_5d9870c39e6841de,Faith Baptist - Canoga Park (SS),3,21
sch_6298adae9e1f8580,WISH Academy (LA),3,19
sch_644a91c82cb588f9,Redlands Adventist Academy (SS),3,18
sch_8b7336c85b96d9dc,Acaciawood College  Prep (SS),3,17
sch_6fe5ac4fd02d1117,Packinghouse Christian Academy (SS),3,16
sch_017a5315da85bab7,Kennedy (John F.) - Richmond (NC),3,15
sch_ceeee7b65ed4cb7e,Legacy Christian Academy,3,14
sch_0869304590c13ecb,Developing Virtue Secondary (NC),3,13
sch_ad2c9f46615b616e,New Geneva,3,13
sch_f899996d207bc110,Liberty Christian (SS),3,11
sch_07bdb5c22070ed7e,Harbor HS,3,10
sch_94dcfca6f6784653,Bert Corona (LA),3,9
sch_b0cd2b9355e33bda,Entrepreneur FNA (SS),3,9
sch_128e2128a0a81bae,Making Waves Charter Academy,3,9
sch_cd4d3973864ef064,Mesa Grande Academy (SS),3,9
sch_a3cd719f845aa102,Brave Christian High School,3,8
sch_94955398b47bcfc5,Carniege (Whittier) (SS),3,8
sch_dec54c12203bd686,CCPAA (SD),3,8
sch_7c429c841a3107cc,Leroy Greene Academy,3,8
sch_b825f07acb7c6732,Sutter Union,3,8
sch_57bcd6cc931986b4,Tehillah Christian Academy,3,8
sch_a0bafeee4971bd2c,Trona (SS),3,8
sch_1abcab48db34320b,Summit Tamalpais,3,7
sch_9c9823161a513173,Alliance Smidt Technology (LA),3,6
sch_df7efa1b9589d181,Capital Christian,3,5
sch_8020ae2fbcb73270,Golden State Prep (OK),3,5
sch_58bea178f6bc38d0,Stockton Christian (SJ),3,5
sch_1c9916d5ab766d48,King-Chavez Community (SD),3,4
sch_e3fcf1363acec02e,Mountain,3,4
sch_9d1e0ed6f11661e7,Laytonville (NC),3,3
sch_83b394d0327c52be,Morningside (SS),3,3
sch_991fbb0dff07ccb2,Valley Christian (Dublin) (NC),3,3
sch_6a33538d3ce86f54,BASIS Independent Silicon Valley,2,38
sch_7b2e4af5e024339f,Overfelt (CC),2,31
sch_8d29cc1601beaa88,San Juan (SJ),2,31
sch_f12b262d6e34182d,Elizabeth Learning Center (LA),2,29
sch_d06ba8dd0a3d9477,Lycee Francais de San Francisco,2,25
sch_24b2e51c45c30ae8,Creative Connections Arts Academy High School,2,24
sch_18c98fa4fe7bbb1a,Minarets (CS),2,24
sch_cdeea3c4e80411e6,Hesperia Christian (SS),2,23
sch_f652ed8c6329f9b2,Bridges Academy (SS),2,14
sch_289d2c6e04463c2b,Big Valley,2,13
sch_c4138fbc7943d56e,Coast Union (SS),2,12
sch_10ac25488d864c32,Jim Elliot Christian (SJ),2,12
sch_d81b8f150b445bea,Kairos Luminary Academy High School,2,12
sch_9a07cf3bb6dae6bf,La Sierra Academy,2,12
sch_92102192e4e514c7,Waldorf School OC (SS),2,12
sch_925bb9ecc981962d,East Palo Alto (CC),2,8
sch_a036837d8c52b911,Princeton (NS),2,8
sch_5cb33c57b25a3386,Trinity Christian (CC),2,8
sch_5ed5e9c8a5ca43f3,Summit Preparatory (CC),2,7
sch_8bfcde2b0d054b21,Mojave (CS),2,6
sch_c8f23aaefa927ccf,Oscar De La Hoya Charter (LA),2,6
sch_e65ebb3c6eb442b7,Luis Valdez Leadership Academy (CC),2,5
sch_b81a1b46db2aea41,San Jose Academy (CC),2,5
sch_f86b90451c36fb9b,Southern Trinity (NC),2,5
sch_de79c7fd0ec06660,Oakland Unity,2,4
sch_95f3f929a6289b80,Forest Lake Christian (SJ),2,3
sch_57c09f28e446c47d,Gorman Learning Charter,2,3
sch_4ee7b56fcd1f6343,South LA College Prep,2,3
sch_fa987445fee707a3,West Shores (SD),2,3
sch_380155fc0a1903e3,Native Surf and Snow,2,2
sch_7aa504491c9e1f24,Notre Dame - Salinas (CC),2,2
sch_599f231b304d02e5,Summit View (SS),2,2
sch_12b49e4c7927480b,Vista Meridian High School (SS),2,2
sch_ec510b71a3581916,Albiani,1,391
sch_841b092616e35919,New Roads (SS),1,66
sch_3c4717a9142b7693,Calvary Christian Academy - SJ Ca,1,46
sch_6d1619669989c45d,Tahoe Expedition Academy (NS),1,45
sch_644da85519b87eed,St. Abraham's Classical,1,41
sch_ad13645513420802,North Coast Prep (NC),1,35
sch_efd84973266e2964,San Luis Obispo Classical Academy (SS),1,35
sch_24ed403378b53a0b,St. Joseph (Crescent City),1,28
sch_abe0847a20ee1f17,San Diego Jewish Academy (SD),1,23
sch_74354aca91dc4056,Tarbut V'Torah (SS),1,18
sch_7e2f90d12a4cc384,Impact Academy (OK),1,16
sch_1a6d449faae91191,Providence Christian (NS),1,16
sch_0317e0ae58bd0a87,Mendocino (NC),1,15
sch_387b50b7ae268d4c,Bethel Christian Riverside (SS),1,14
sch_a786752eeec95a1b,Jewish Community High School of the Bay (NC),1,13
sch_0f097e6487d1fa9d,e3 Civic (SD),1,12
sch_a72ad54411aabdf3,Santa Clarita Christian (SS),1,12
sch_4261b8b2fbedd6e9,Northridge Academy (LA),1,11
sch_5306c695317a4537,Waldorf School of the Peninsula,1,11
sch_36ba8dcbbe4800c9,Chesterton Academy Of St. James,1,9
sch_06f5557e99913b8d,Santa Rosa Christian (NC),1,9
sch_9fa3d9b5f4e34c36,Westmark (SS),1,7
sch_5f9c991261865e79,AGBU Canoga Park (SS),1,6
sch_fcb5dbe1843c8ae3,Dunsmuir (NS),1,6
sch_618df9e284239133,Evergreen Institute of Excellence,1,6
sch_18c78b6208d9d1f7,KIPP College Prep (SF),1,6
sch_b1e4803acc428043,Apostles Lutheran,1,5
sch_496914bf061bc850,Calvary Chapel Moreno Valley (SS),1,5
sch_a2b59de304535bdd,Saint Joseph High School,1,5
sch_a35c2a9234dd9d44,SC Yeshiva (SD),1,5
sch_cf1ef0c798442400,Summit View Westview (SS),1,5
sch_ddc9d9486824325f,Pescadero (NC),1,4
sch_55c50331a2fc1898,Salinas Valley Elite,1,3
sch_eb087068e07b8bf3,San Jose (CC),1,3
sch_5c2105cd07a65bcb,Camino Nuevo Charter (LA),1,2
sch_c560e0b2856a0d59,Geyserville New Tech Academy (NC),1,2
sch_1497f9aa4f567d96,Holy Family (SS),1,2
sch_059e3fdf929512f1,Lodi Academy (SJ),1,2
sch_d87cd09ee9eb0ef2,Palm Valley,1,2
sch_360a12c03c9681b7,Point Arena (NC),1,2
sch_bf4b48c61c6b3bae,St. Junipero Serra Catholic,1,2
sch_e5421a01ac278fbc,Calvary Christian (CC),1,1
sch_61e7ad3b2651cc0c,Coliseum College Prep,1,1
sch_201b6b3badc42204,Horizon Prep (SD),1,1
sch_eff2290338b7954e,Intermountain,1,1
sch_6e3ae5cda1fe1e98,John Henry,1,1
sch_56c276ef8918e974,Pedro (Don) (SJ),1,1
sch_81d05e1f808d64d1,South Bay,1,1
sch_d39d24612357bdca,South North or West Littletown HS,1,1
sch_4f37e5a041e235c7,West Valley Christian (SS),1,1
sch_ab409d0e7345f56e,Blach,0,159
sch_04273ea60d207d0b,Murphy,0,153
sch_196abab9df2c23cd,Clark (Anderson W.) Magnet,0,102
sch_7054cc9097baae75,Sacred Heart Elementary,0,94
sch_98617010d2268046,William Land Elementary,0,93
sch_f8688b73afcfded5,Potter Valley (NC),0,89
sch_aa76b7a548bd96a0,Western Center Academy,0,87
sch_006604baa98db5b3,San Francisco Girls School,0,85
sch_af05594d9fa54609,Norte del Rio,0,81
sch_5168cd734012e4fd,Orange County Classical Academy (SS),0,78
sch_e21ac6f7acbea3ff,Summit Charter Collegiate Academy,0,76
sch_65b16ba06348c416,St. Joachim,0,73
sch_57b08d49b0e3fe37,Vineyard STEM,0,69
sch_f83712fa2e287dd5,Walker Junior High School,0,68
sch_fc13ca1091a3d17c,Wish,0,68
sch_a3e9f9a2f9869d1b,Chandler,0,66
sch_fd3e739fd2e84d39,Mountain View Academy (CC),0,62
sch_35c40a7563dfa9d1,Fairmont SJC (SS),0,52
sch_127f6b8773dddce2,Academy of Careers and Exploration (SS),0,49
sch_023039e1ce7e27b3,Pacific Christian (NC),0,49
sch_d9f0e590b439e0a4,Tioga (SJ),0,49
sch_606587989d13789d,Natomas Charter School,0,45
sch_d5a586182ae67901,Glacier Charter,0,42
sch_50c572621178d56c,Lincoln Elementary,0,42
sch_baa4c1075ca8cd41,Bannon Creek,0,41
sch_363f709b3f067d9a,Saint Joseph Catholic School,0,40
sch_f3cf2acf349c37b5,Sycamore,0,40
sch_04bb52c12b3592ad,Wood Ranch,0,40
sch_991d1f3c849adc19,Anacapa,0,39
sch_820e14cdf01e7b63,Competitive Edge Charter Academy,0,38
sch_b0357451c0f80933,Vista Heritage Global Academy,0,38
sch_293d14673be0471c,Gladstone (SS),0,37
sch_b151d8a6eb239514,Ione,0,37
sch_28e71966a4d568b8,San Carlos,0,37
sch_607b9cd36046a5c5,Barstow STEM Academy,0,35
sch_edba0590b67a128f,Royal Oak,0,35
sch_56fa898764a03476,St. Johns Lutheran,0,35
sch_59690b50434ef458,ASTEME Academy,0,28
sch_3debc3b3452699dc,Big Springs,0,25
sch_7798c516eba2a0dc,Coulterville,0,25
sch_ac31500e95d3e94d,Orange County Christian,0,25
sch_8b85b6965087f4de,Saints Simon & Jude,0,24
sch_c2659026765c8c85,Mission School,0,23
sch_2cdf74b01bd54bdd,Orangeview Junior High School,0,23
sch_d02a5200b4f3193c,Calvary Christian,0,22
sch_5b6996ff8ca0840c,Deep Valley Christian,0,22
sch_5f7a633417004e75,Los Angeles International Charter (LA),0,21
sch_1b3858bc79918052,Lakeview (Santa Maria) HS,0,19
sch_a0b8767035b1f8f5,Price (SS),0,18
sch_75e527d5f41a006b,Arnold,0,17
sch_dee4c08cf294d9a1,Aspire Berkley Maynard Academy,0,17
sch_46a58a8b17e43ebb,Norton Science and Language Academy HS,0,17
sch_f717d991497c7050,Bethel Christian Lancaster (SS),0,16
sch_0e49ef1415c9857a,Big Pine (CS),0,16
sch_76cc63855b342bde,Sierra Vista (Perris),0,16
sch_8169cd800b7149a2,Silicon Valley International School,0,16
sch_2d1193f52391d14c,St. Cecilia,0,16
sch_d09bb42c38e98b73,Community Harvest Charter School,0,15
sch_639431d8d624d1ee,Envision Academy (OK),0,14
sch_de7330fe10657d83,ROP Sierra Ridge (SJ),0,14
sch_294a88dcb7fce01e,Bryant Elementary,0,13
sch_517e3c75b1b87a98,California Crosspoint (NC),0,12
sch_ffd514c892eab48f,Lucerne Valley Middle School,0,12
sch_ad9da6d1b6218c6d,Lake Arrowhead Christian,0,11
sch_35127664310b36a1,Marshall Mustangs,0,11
sch_67d6f49f26c4f65b,San Diego Academy (SD),0,11
sch_cdc90b16838914f6,West Oakland,0,11
sch_088d36091ea32ec6,KIPP Stockton High School,0,10
sch_140c7d41fe2ddba5,South Junior High School,0,9
sch_1cc2e2a33c887d30,John Adams (Lincoln),0,8
sch_4258c4289d8417d4,Mother Lode Christian (SJ),0,8
sch_90670d9e01bb35da,Wonderful College Prep Academy,0,8
sch_b14615761b88f6d6,Good Shepherd Academy (CYO-LA),0,7
sch_5fd95cbae9a11222,New Life Christian (SJ),0,7
sch_95d988f760375748,Olive Grove,0,7
sch_407f33d162016cc6,San Francisco Christian (CC),0,7
sch_e2d57c226404007a,Mission Basilica School,0,6
sch_075f186da6673c10,New Harvest Christian (SS),0,6
sch_958c865412112f4b,Pacific Lutheran (SS),0,6
sch_87216acc02f75b1c,St. Juliana Falconieri,0,6
sch_92fac37d5407a4df,Swett (John) (NC),0,6
sch_7e60c53b869b5597,Tomales (NC),0,6
sch_af23dedc0b2aa874,Christa McAuliffe (SS),0,5
sch_bbd890ed524b1661,Modesto Christian (SJ),0,5
sch_ee68ebd59a7e2ab1,Rodriguez Prep Academy,0,5
sch_0d8f02a9e4069a1d,Santa Clarita Valley Intl (SS),0,5
sch_f3d33f826d9cfe3d,Shandon (SS),0,5
sch_0ed7122f97df2250,St. Anne,0,5
sch_a746dcc96fbdab3d,University Careers & Sports Academy (SS),0,5
sch_5feec41a57df13e0,Cypress Grove Charter,0,4
sch_b0b0d5523810a501,Magnolia Science Academy 3 (LA),0,4
sch_3989608b62326d67,Oakland Charter (OK),0,4
sch_ca43e5311d8427d2,Twin Peaks,0,4
sch_43d77d0438f615f4,Athletic Eagles,0,3
sch_d4a300e4ab8a7627,Mountain Oaks (SJ),0,3
sch_710dfde80ff1918c,North Hills Christian (SJ),0,3
sch_4fb6ca2e244b5bb6,Orchard View,0,3
sch_a5478c09c5bcdd53,Bay Area Technology,0,2
sch_f93958a7647f769c,Crafton Hills,0,2
sch_6cb84b919284667b,de Toledo (SS),0,2
sch_3e6894cc8115ce52,HP College Ready Academy,0,2
sch_809225aaeede914f,JVA Youth Track Club,0,2
sch_4dd319e41a1546ec,Khan Lab School,0,2
sch_06dfb516994b4a67,Lee Vining (CS),0,2
sch_37528af3a1b30520,Libertas Academy,0,2
sch_e99839215c762012,Orange County School of the Arts,0,2
sch_af03d7eabc39c1fe,Paradise Adventist Academy,0,2
sch_b429fb8eede3cf6e,Providence Christian School,0,2
sch_9d190d15602cf9b3,Southwestern Academy (SS),0,2
sch_0981624eed141fa5,Castle Rock Charter,0,1
sch_35d333c700e6974d,Escondido Adventist Academy (SD),0,1
sch_513edcd46f016e74,Freedom Christian (SJ),0,1
sch_6c5065397a57d0e5,Genesis,0,1
sch_20f3a4e339e25eb0,German International School of Silicon Valley,0,1
sch_d4a51912ce8d1f3b,Granada Islamic,0,1
sch_d94a7398dd605961,Light Speed Sports,0,1
sch_39ddde3500c1f36e,Noli Indian (SS),0,1
sch_3d9f4efaddc1d4b2,St. Francis of Assisi Catholic (SJ),0,1
sch_34faf557389c235d,Waverly (SS),0,1
sch_c5e80d3df5ce5ee2,Academy of Science & Engineering (LA),0,0
sch_21a3092efa785c74,Academy of Sport Science (SS),0,0
sch_51ff924edb5b8891,Academy of the Canyons (SS),0,0
sch_424aaf7873f919fc,Accelerated Achievement Academy,0,0
sch_848838c554159441,Advanced Learning Academy,0,0
sch_2be3fd45a8080166,Advent Academy,0,0
sch_b0e12a6c4bfa292f,AGBU Pasadena (SS),0,0
sch_281f0a5ae0c8a72a,Alameda Community Learning Center,0,0
sch_9c2348da9585902f,Albert Enstein Continuation School,0,0
sch_8914e46a30270690,Alexander Twilight Secondary Academy (SJ),0,0
sch_a776b4850cd56569,All Tribes American Indian Charter School (SD),0,0
sch_7b2d132a78a6c3f4,Alpaugh (CS),0,0
sch_a6024b2894ce313f,Alto International School,0,0
sch_20b7d79da038cb28,Alverno (SS),0,0
sch_3af1552c987c22b1,American Christian Academy (Northern),0,0
sch_39a6a60fcc79dc41,American Christian Academy Chico (NS),0,0
sch_1b76fafa79f3d0fd,American Christian Academy Citrus Heights (SJ),0,0
sch_e189553b131b2fd8,Anada Living Wisdom School (SJ),0,0
sch_7031a6147c40e117,Anchorpoint Christian (CC),0,0
sch_fdcb9d17194bc25a,Anderson New Technology (NS),0,0
sch_93a28a50c55babaf,Animo Venice Charter (LA),0,0
sch_e8bab508c03cac09,Antelope Valley Christian (SS),0,0
sch_d49ef1582941b566,Apple Valley Christian (SS),0,0
sch_7d2c6bd663600e2f,Applied Scholastics Online Academy,0,0
sch_62ca895f6a55ae8d,Arcadia Christian Academy,0,0
sch_bd22bb5c71e91889,Archbishop Hanna (NC),0,0
sch_3fca33d0fd786f24,Arise,0,0
sch_c2d1c1a378aadd32,Arshag Dickranian (SS),0,0
sch_6578b171148dd8ce,ASA Acadamy,0,0
sch_a64836a0fe656163,Aspire Cal Prep,0,0
sch_ff539597d68f3b6e,Atherwood,0,0
sch_233763e9db625baa,Aurora (closed),0,0
sch_f9d0ee5421865459,Aurora (SD),0,0
sch_d0bcf0416db31023,Avenues Silicon Valley,0,0
sch_15dd534a42480ffe,Aveson Global Leadership (SS),0,0
sch_fbeb177263ba14b5,Baker Valley (CS),0,0
sch_c602e3892f89167b,Baptist Christian (SS),0,0
sch_f810871b846c5742,BASIS Independent Fremont,0,0
sch_368683b62e792c4d,Baxter Alliance (SS),0,0
sch_119be9d9265aac5d,BAYPOINT PREP ACADEMY,0,0
sch_555d475d65f6f4e5,Beach Elite TC,0,0
sch_2e2a50904f024b67,Beacon Hill Classical Academy (SS),0,0
sch_9ac0c5940a29e9d5,Bear Valley,0,0
sch_0cd4fa08411d781c,Bellarmine-Jefferson (SS),0,0
sch_268c485e0b85f020,Bermuda Dunes,0,0
sch_2d9aa15dfc37a407,Berylwood,0,0
sch_457c06d2a74f7a9f,Bethel Baptist (SS),0,0
sch_1b62dbc54b6a98d0,BETHESDA UNIVERSITY,0,0
sch_dc037f65e7a8bd2a,Bishop Quinn,0,0
sch_96dc02823b20edb0,Blessed Sacrament,0,0
sch_3abd6165b9d1b029,Bloomington Christian (SS),0,0
sch_86da2899ef317873,Blue Ridge,0,0
sch_000f91fe942db9b3,Borrego Springs (SD),0,0
sch_47fb750e32b2498e,Boys Republic (SS),0,0
sch_f30b44a1cf030705,Brethren Christian (SS),0,0
sch_8b667d57ebdde960,Bridgemont,0,0
sch_d1f332dad1092b66,Brighton,0,0
sch_4b3acf7c5c2516bb,Brookside Christian (SJ),0,0
sch_baf8c38354bdaa5d,Buena Vista,0,0
sch_8e56b8488abe1e8a,C.O.R.E. The Comptonville Academy (SJ),0,0
sch_00dffdcbc9592cfe,California College Prep (OK),0,0
sch_a300757e6358690f,California Virtual Academies,0,0
sch_d44e936c8cc42feb,Calvary Ch (GG) (SS),0,0
sch_426ef7e53f3ebf44,Calvary Christian (SS),0,0
sch_3c2a6ca2394d6cca,Calvary Christian Academy (SD),0,0
sch_88adfd58afb1940a,Calvary Murrieta (SS),0,0
sch_fd7507bf0a10d28d,Calvary Temple Christian,0,0
sch_c62359e8a9bc13e3,Camden (CC) (Closed),0,0
sch_323868951ba30a71,Campbell Hall,0,0
sch_c1eddb55039ab4fa,Capistrano Valley Christian (SS),0,0
sch_b927641cbad00850,Carnegie Riverside Christian (SS),0,0
sch_df816f06c98f72be,Carter G. Woodsen Public Charter (CS),0,0
sch_8f149d4ae29b1744,Caruthers,0,0
sch_addd33f0912f05e9,Catholic Community of Pleasanton,0,0
sch_9a76821ea1a6799b,CCPAA,0,0
sch_a2b3655594f0ed2c,Ceiba College Preparatory Academy,0,0
sch_dd10f5f1c7383076,Century (Alhambra) (SS),0,0
sch_25e984b3d8e21ecd,Chaminade,0,0
sch_5ae82f8a6f3b5aea,Champion Christian (NS),0,0
sch_520ffec220b9afcb,Champs Charter (LA),0,0
sch_a24cfbbada55a3da,Chester (NS),0,0
sch_04bebb33206b93cd,Chinese Christian School (NC),0,0
sch_c6e7963dbbe34e14,Chino Valley Christian Academy,0,0
sch_1bf21a8298dc31de,Christ Cathedral Academy,0,0
sch_b265bb43a7d0585e,Christian L.I.F.E. Academy (SD),0,0
sch_b0a5f11cdc7d1c5e,Church Of The Assumption,0,0
sch_a23314275f82a0d8,CIF Southern Section,0,0
sch_de52ba4ca2723800,City Honors,0,0
sch_002d6c4ff4bd8dbb,City of Chino Independent Participants,0,0
sch_2bf35e63450859b0,Clovis Christian,0,0
sch_50df2e68dbbd3779,Coastal Christian,0,0
sch_0ff95d53a05bea85,Coastal Christian (SS),0,0
sch_18eb274faf95c757,Cold Springs,0,0
sch_6157844f9dda0bf0,Coleville,0,0
sch_11f81afbaf9b85cc,Commerce (SF) (Closed),0,0
sch_9a091f41b925e70c,Confex,0,0
sch_875ba1affc2b1ee8,Connelly (SS),0,0
sch_01207bcdbf840bc9,Connexus,0,0
sch_dadd7b839dbdfef7,Copper Cove,0,0
sch_ee2a3da743f5fc4b,Cornerstone Christian (NC),0,0
sch_5404669b49b5d138,Cornerstone Christian (Wildomar),0,0
sch_381dd17230fe7b4f,Cornerstone Christian - Camarillo,0,0
sch_b741995cbff9f7df,Cornerstone Christian - Wildomar (SS),0,0
sch_2cf990d7cc3ab722,Cornerstone Christian Academy of Woodland (SJ),0,0
sch_1353024c2075e005,County Community,0,0
sch_1d3d8d2ae5686be5,Coutin (SS),0,0
sch_54c05168312e2a60,Covenant Chapel,0,0
sch_a74eea589cef7267,Crestmoor (CC) (Closed),0,0
sch_788b2177df2865ad,Crystal Cathedral Academy (SS),0,0
sch_597e97ee56632582,Cutler-Oroso,0,0
sch_1fa75337c7725d9e,Cuyama Valley (SS),0,0
sch_578d75ef31320cec,Dartmouth,0,0
sch_bcf4438f7c23553b,Death Valley Academy,0,0
sch_ba581dbbdd350373,Del Valle (NC) (Closed),0,0
sch_abe3bbc58345443f,Delphi (SS),0,0
sch_8ebcd8efa56d82b7,Desert Chapel (SS),0,0
sch_f75da88ed464854a,Desert Christian Academy (SS),0,0
sch_49455f8442bad6cb,DNA Prep Academy (SS),0,0
sch_0f1b1a9d7d0f2fb1,Dominga Ontario,0,0
sch_fcf0e1dbda44d9d0,Downieville (NS),0,0
sch_8d18205462ed17c5,Downtown College Prep Alum Rock (CC),0,0
sch_6967445690a767e8,Drake,0,0
sch_a23617a559427128,Eagles Peak Charter,0,0
sch_54de5ce49a30f4e2,Eastside Christian (SS),0,0
sch_64dc5453a5b06bcb,Einstein Academy (SS),0,0
sch_dbbe9089c857c87d,El Dorado Adventist (SJ),0,0
sch_8dddd2a08e4a136f,El Molino (NC),0,0
sch_0743f4c2cec85ce4,Elk Creek (NS),0,0
sch_21034c2b23cdd44a,Emerson Honors (SS),0,0
sch_0eb2bbad05b47214,Encore (SS),0,0
sch_931ec2c6d21d630c,Executive Prep (SS),0,0
sch_cd753ffedbf921e8,Executive Prep Acad of Finance,0,0
sch_024419afca9c3225,Faith Christian (CS),0,0
sch_3ce519ae609cb631,Faith Christian (SJ),0,0
sch_dcc345f3b1e1f620,Faith Christian Academy,0,0
sch_a214933b5c96ebcd,Family Partnership Charter (SS),0,0
sch_e581e9cfe9b96802,Foothill Country Day School,0,0
sch_0741bc9cb0a83093,Frederick Douglass (LA),0,0
sch_e35114cf49166229,Fresno Prep Academy,0,0
sch_ed6b8d198c786982,Futures,0,0
sch_f40c74eb985d588f,Garden Street Academy (SS),0,0
sch_468478948a47abe2,Glendale Adventist (SS),0,0
sch_3c400c26fd3a3fe9,Global Youth Charter (SJ),0,0
sch_e9584f4405b5d5e3,Grace Brethren (SS),0,0
sch_f076afb2a721d3b6,Granite Mountain  Charter School,0,0
sch_aba7dc1b0060d6a7,Greenville (NS),0,0
sch_1690088e234ae440,Gregg Anderson Academy (SS),0,0
sch_887dd0cd3ea2273b,Guidance Charter (SS),0,0
sch_2a0d709b865f0f23,H-Town Christian Academy,0,0
sch_c86f455ed376aebb,Happy Camp (NS),0,0
sch_0aca7d90bd18e56b,Harbor Cross Country,0,0
sch_48f44dd54bd47194,Harvest Ridge Charter School,0,0
sch_e09e0da5e0916bef,Haskell Stem Academy,0,0
sch_ae861eb8fe9e8355,Help Group West (SS),0,0
sch_0d67da5016123b8e,Heritage Peak Charter,0,0
sch_7ade4ba58a1d41ed,Herlong (NS),0,0
sch_c22b363c0ae01f8d,High Desert Academy,0,0
sch_864cb1d2ca77caca,High Tech - Bayshore (NC),0,0
sch_983d6a4bb7deb65f,Highlands Christian (CC),0,0
sch_14dda3bb5709e3cf,Hillcrest Christian (GH) (SS),0,0
sch_930686b26e6d9ee3,Hillcrest Christian School (SS),0,0
sch_930b92fc52ff08d0,Hogan,0,0
sch_7b610beede5b9aa1,Hollow Hills,0,0
sch_6c4722d6dfb644d3,Home School Academy,0,0
sch_186d6675f6cf4ff1,Home Tech Charter School,0,0
sch_2f507e5c8139e985,Hope Center,0,0
sch_90b1f3a2dbccba08,Hope Christian Academy (SS),0,0
sch_0b5340a2106172e8,HOPE High School,0,0
sch_df3c5fd934d5fe67,Horizon School,0,0
sch_3a1a85b5c225b83d,Imagine Schools Imperial Valley,0,0
sch_45dabedf84da7b72,Inland Empire,0,0
sch_722bf6a90d6467b5,Inland Leaders Charter (SS),0,0
sch_905e67b1341a58a3,Invictus Academy of Richmond,0,0
sch_3e7b8b60939693e6,Iovine and Young Center,0,0
sch_81363ee1192f485e,Ipakanni Early College,0,0
sch_b8b88ed0cbcf0fea,Ivy Academia Charter (LA),0,0
sch_810ca55ed47588ef,John Joel Scholastic,0,0
sch_486fac6566d6478b,Joshua Springs (SS),0,0
sch_f514e8e926ad6e05,Judson International (SS),0,0
sch_0a80aee3ea29bd33,June Jordan School for Equity (SF),0,0
sch_691173bf274b038e,Katharine,0,0
sch_c151dcb8729dbc3c,Kilpatrick (SS),0,0
sch_9838f9e5217e2982,Knolls,0,0
sch_80fc883f9d724f3d,Kolbe Academy,0,0
sch_c34057d3959ba2f2,Kuyper Preparatory School,0,0
sch_eff6fcaad309d309,LA Academy of Arts & Enterprises (LAAAE) (LA),0,0
sch_c5c52c1761a4291e,LA Leadership Academy (LA),0,0
sch_fa37193bc362c8cc,La Paloma,0,0
sch_4d45b864b19587d6,La Reina (SS),0,0
sch_ed25a114bf737863,Lake Tahoe College,0,0
sch_7ad8f91f2f2c7ce9,Las Banderas Academy,0,0
sch_9fa124894df39a22,Le Lycee (SS),0,0
sch_a625b1539c7b5f6d,Leadership Military Academy,0,0
sch_8cc32108292625ab,Leadership Preparatory (OK) CLOSED,0,0
sch_750c0cb852dde7a2,Leggett Valley (NC),0,0
sch_debc3d07540f00f6,Liberty Baptist (CC),0,0
sch_26c828d2f43a7731,Liberty Christian (NS),0,0
sch_4a24ef441acc0e1f,Lighthouse Christian,0,0
sch_d4d79061d9e952b7,Lighthouse Community Charter (OK),0,0
sch_7f4eb5889e32ddd3,Lindsey Academy,0,0
sch_7adf3207a2d9a1b0,Livermore Valley Charter Prep (NC),0,0
sch_81263a7e6d531075,Loma Vista,0,0
sch_ed43ee5181c795a2,Lone Pine (CS),0,0
sch_9fef0cd8cc020250,Loretto (SJ),0,0
sch_c96080bf145de041,Los Angeles Adventist (SS),0,0
sch_1dcd718e9a646873,Los Molinos (NS),0,0
sch_6bc7a925451b1657,Los Pinos (SS),0,0
sch_4837fa3787514f9f,Lou Dantzler Charter School (LA),0,0
sch_6d4090453adbed18,Lutheran (LA),0,0
sch_6c922af668357a90,Lutheran (SJ),0,0
sch_10d539766ee8e89e,Lutheran La Verne (SS),0,0
sch_1528800e0e4d1f25,Lycee International (SS),0,0
sch_b1246517240a0792,Madison Park Academy,0,0
sch_8e48147548a4f401,Magnolia Science Academy (San Diego),0,0
sch_76d2cd71df3f6be5,Mandela,0,0
sch_b95ad89ef81af53c,Maranatha Christian MS,0,0
sch_3c6120060d7ca76b,March Valley,0,0
sch_c64fc9177e52e092,Marian Catholic (SD),0,0
sch_22227bd3c1fba5b4,Maricopa (SS),0,0
sch_8759f6aa6b402149,Marlton School (LA),0,0
sch_cbef3dde1742889d,Marshall (Thurgood) (SF),0,0
sch_e497665b356d51db,Marywood (SS),0,0
sch_ed6d67734462aaa0,Mattole Triple Junction (NC),0,0
sch_06c6503700d82094,McAllister,0,0
sch_73f9c959f6198c4b,McAteer (J. Eugene) (SF),0,0
sch_8eee7f057dee259a,McBride (SS),0,0
sch_8ce4113eb30abe6b,McCloud,0,0
sch_6a78054d326972da,Mercy - Red Bluff (NS),0,0
sch_10f1e491918537c2,Mercy - San Franciso (CC),0,0
sch_78c9793c1064b0c9,Mesa Academy,0,0
sch_2531dfeec9fd3d68,Mesrobian (SS),0,0
sch_12d615676e5eb7b5,MetWest,0,0
sch_61fd90d2479632b5,Mid City Magnet,0,0
sch_9ce7554e13e5099c,Middle College (CC),0,0
sch_d7592669ad563882,Middle College (NC),0,0
sch_553aa81fb7c822ab,Middle College (SJ),0,0
sch_e5d22a234508f1b9,Midway Baptist (SD),0,0
sch_27524d54c3904947,Mira Monte Central Section,0,0
sch_5bb415197baddbdc,Mission Hills Christian,0,0
sch_5a471b7a404aba62,Mission Viejo Christian School,0,0
sch_26ac7e1f2eb37e8d,Modoc Vineyard Academy,0,0
sch_e1a2cdc1d8b96f65,Montclair Prep (SS),0,0
sch_eb3d8a1c5c0ab245,Moorpark Memorial,0,0
sch_39a827562c24e25c,Mountain Park,0,0
sch_d2b0a7c27de5ba3d,New Covenant Academy (SS),0,0
sch_84a8edf8a657c306,New Millenium Charter,0,0
sch_76c37246c71bc03a,New Technology,0,0
sch_8a9c38295e528870,Newport,0,0
sch_434458d935d04a9a,Newport Christian School (SS),0,0
sch_9d6a4a08d9b563dc,Nia Education Center (SS),0,0
sch_2b53b4e6c7c1d995,North Bay Christian Academy (NC),0,0
sch_7ea94a5d1bf1cb93,North County Christian (SS),0,0
sch_2d572d8e6cc06749,North Valley Baptist (CC),0,0
sch_852b750aedca386a,North Valley Military (LA),0,0
sch_b806e57995f9f984,Oakland International (OK),0,0
sch_c0179091008a2cae,Ochoa Prep Academy,0,0
sch_f82bc66989411074,Olney,0,0
sch_236d7331024300ef,Orange Coast Middle College High School,0,0
sch_49e6ca43768d4efb,Orangewood Academy (SS),0,0
sch_28f7d41a25645f17,Our Lady of Fatima,0,0
sch_e7509e85376ed0b3,Our Lady Queen of Angels,0,0
sch_4de7dfb975fe04da,Owens Valley (SS),0,0
sch_4e9f0b530244c316,Pacific Coast Charter School (CC),0,0
sch_f4cbfa42c2df8e61,Pacific Hills (SS),0,0
sch_f29682f7c53c6023,Pacific Point Christian School (CC),0,0
sch_90dba8e559c8cbaf,Pacific Prep (NC),0,0
sch_39db897370b7c1ba,Pacific Valley (SS),0,0
sch_be1ef121a79c9d9b,Padre Pio Academy (SS),0,0
sch_a886fa50596c3418,PAL Charter Academy,0,0
sch_b6c20dc0f1617ebe,Paramount Academy,0,0
sch_3a093d7037e4615f,Park View,0,0
sch_89c588ca3de3b42b,Pater Noster (CLOSED),0,0
sch_1cfaa3f0ab59d07c,Pathway,0,0
sch_5241a42bf0261a61,Patten Academy,0,0
sch_0483c1fb4f9ac73d,Pattoe Academy (NC),0,0
sch_9b5776aeba2992d6,PDC,0,0
sch_bb855f5ed82236bf,Pleasant Valley Christian,0,0
sch_193ab263ac0d3960,Pliocene Ridge,0,0
sch_5c32f99f21125f24,Polytechnic (SF) (Closed),0,0
sch_fc4bef1a2be0ba25,Polytechnical,0,0
sch_b0ccf8d219a7d47a,PowerPlay Youth Track,0,0
sch_67195ece8a7b7950,Prunedale Christian,0,0
sch_08a1df8697f4095b,PUC Prep,0,0
sch_84617de6c0c2f3b6,Ramon Academy,0,0
sch_82412ea365fb3356,Ranian,0,0
sch_86804dea1355cc55,Realm Charter School (NC),0,0
sch_87ef061713b38afc,Red Saints,0,0
sch_38cd6f34f79064a3,Redding Adventist (NS),0,0
sch_44d31d54310c8da1,Renaissance Arts Academy (SS),0,0
sch_1997da60cb454a32,Ribet Academy (SS),0,0
sch_82949d7a933afe3c,Ridgway,0,0
sch_5eea60ef4c2eb5dc,Riis (LA) (Closed),0,0
sch_ee8aa663467b2b97,Rio Contiguo (SS),0,0
sch_9d98f2ef45a9bb04,Rio Lindo Adventist Academy (NC),0,0
sch_6fb8e05634d3ca93,Riverdale Christian (CS),0,0
sch_da450406b5bf2aec,Riverside County Education Academy (SS),0,0
sch_598b9ef98d884656,Roberto Cruz Leadership Academy,0,0
sch_0a759f013047fdca,Roosevelt High School,0,0
sch_88bd8d11c6288190,Roselawn,0,0
sch_a413d8554e4677ae,Round Valley (NC),0,0
sch_b967b173977ceed1,S C Waldorf (CC),0,0
sch_3ba8a6bc907cdfd7,Sacramento Charter,0,0
sch_07f3108dff172219,Sacramento Waldorf (SJ),0,0
sch_eaa1f88ca1958f2b,Saddleback Valley Christian (SS),0,0
sch_79fc26f5fc994748,Sahag-Mesrob Armenian Christian (SS),0,0
sch_66467503e081ddd2,Saint Angela Merici Parish School,0,0
sch_421754062b266c59,Saint Hyacinth,0,0
sch_8cf6e86ea481d8a0,San Antonio Christian (SS),0,0
sch_2e80fc19c5996c08,San Fernando Valley Academy (SS),0,0
sch_37396d55d0828a15,San Jose Track Club,0,0
sch_b469bc7f790ab82c,San Pasqual Valley,0,0
sch_eae4cf7b65b18fff,Sandpiper School,0,0
sch_145e9b85ee8a707d,Santa Clara Christian,0,0
sch_c7b8b541ec82d2a0,Santa Rosa Tech Magnet,0,0
sch_de31a678fcd54998,Santa Susana,0,0
sch_f5595d81101b35bc,Scotts Academy,0,0
sch_eeca55ca6d2fdfb0,SD Elite,0,0
sch_64f7041c70647d8d,Shenandoah,0,0
sch_c4a883d7ef1ed04c,Sherman Thomas Charter,0,0
sch_c5e4e106cffdb0c7,Sierra Christian Academy (SJ),0,0
sch_799c574bceba5191,Sierra Prep Academy,0,0
sch_033de5adfe9b7d3b,Sierra Ridge Academy (SJ),0,0
sch_ce96e85bb86e7b1d,Small School for Equity,0,0
sch_81300c163b4bdab3,Somerset,0,0
sch_8caf725b47c272e8,Somis Academy Charter CLOSED,0,0
sch_441ebabdbe7401b1,South Bay Christian,0,0
sch_efa227d9b4aa547c,South Bay Lutheran,0,0
sch_9bbae0489b33dce9,South Hills Academy,0,0
sch_45e089ce9225a290,Southern California Yeshiva (SD),0,0
sch_c424a604152b4719,Southfork,0,0
sch_2e8fa18b6f698ce2,Southlands Christian (SS),0,0
sch_4e2e593af1703f18,Squaw Valley (NS),0,0
sch_9201e21c13a6bb07,St. Anne Santa Ana,0,0
sch_a5aa7864fe37cb0f,St. Elizabeth (NC),0,0
sch_f236293169d6f96f,St. Francis (LA),0,0
sch_124eba007bd245d4,St. Irenaeus Parish School,0,0
sch_3fb1796a5071daaa,St. John the Baptist,0,0
sch_785084c2030cd3ea,St. John's Episcopal delete,0,0
sch_8fec69ad0ee9a576,St. John's Episcopal School,0,0
sch_a18383a31b3297e1,St. Joseph - Santa Ana (SS),0,0
sch_86748493b8e3a01c,St. Joseph PL,0,0
sch_ae4bb8a6c4c4fc55,St. Justin Martyr,0,0
sch_b0afb946820d55df,St. Lawrence Academy (CC),0,0
sch_a04bc573df0dcd43,St. Michael's Prep (SS),0,0
sch_ab79a2a48bb51bf1,St. Polycarp Catholic School,0,0
sch_1cec482bf54fc7e3,St. Vincent de Paul (NC),0,0
sch_0d2375e163c4b98a,Stone Ridge Christian (SJ),0,0
sch_b22a8a67d9f7af6c,Stoneybrooke Christian,0,0
sch_eccb219a3a76635b,Sugar Bowl Academy,0,0
sch_f350fc1bf8cf6a1f,Summit Charter (SS),0,0
sch_b62c374f8e39c5e2,Summit Denali,0,0
sch_c1e63a9781858d77,Summit Everest (CC),0,0
sch_d1aea52179961a11,Summit Rainier,0,0
sch_b1311b42d2c529ff,Sun Valley (LA),0,0
sch_fa13b984f255c120,Surprise Valley (NS),0,0
sch_12d29729f60fd20b,TBD,0,0
sch_b508a93c86dfa6f8,Testimonial Christian (SS),0,0
sch_9cc1200efc024335,The Academy Charter,0,0
sch_df1f4d80805f5948,The High School at Moorpark College,0,0
sch_5b32ee6847d3322d,The Marin School,0,0
sch_c030b950f2ed01e5,The Met Sacramento,0,0
sch_74fea2fd93790e9b,Township,0,0
sch_1a8d0a11422d9d3c,Tri-Valley Classical Christian Academy,0,0
sch_2ab17eeead8f144f,Trinity Lutheran,0,0
sch_f3dae210493295a7,Trinity Pacific Christian (SS),0,0
sch_b9e214a5b4555f60,Triple Junction,0,0
sch_8de27e3d1cf4bffd,Twin Pines (SS),0,0
sch_94098ceb1a1683f3,University High School,0,0
sch_cb64d5ee50568cc7,Ursuline (NC),0,0
sch_6e46a4b396ec40b0,USATF Pacific,0,0
sch_097494c205d6598d,Usc College Prep,0,0
sch_7b740098de5e5f91,Valley Alt Magnet,0,0
sch_d9badc4cbaea27fa,Valley Christian Santa Maria (SS),0,0
sch_527366a397cb1ef8,Van Horn Center (SS),0,0
sch_ef4650bb59f0806f,Vaughn Next Century Learning Center,0,0
sch_056a1967bdcb4545,Vaulter Club,0,0
sch_90c701248ad7e691,Ventura County Christian (SS),0,0
sch_98f061f4b96bb425,Via,0,0
sch_2058311e61c7acf9,Victory Christian Academy (NC),0,0
sch_e26cd58aea523ad0,Village Glen (SS),0,0
sch_4247b849c22fef24,Visalia Christian,0,0
sch_6e9838d2d0b35af9,Vista Fundamental,0,0
sch_842c455021bd1414,VOCES (LA),0,0
sch_03382851bf7903b1,Wallenburg,0,0
sch_90c34215c3e387d9,Warner (SD),0,0
sch_5d46f8b615ddcd76,Washington Ridge,0,0
sch_eb68a021d58a6b1f,West Cottonwood,0,0
sch_af67b5690e678793,West LA Baptist,0,0
sch_043b89b6fcc4b8f8,Westwood (NS),0,0
sch_f05c413035a3874b,Whale Gulch,0,0
sch_8d76dc8b191ab942,White Oak,0,0
sch_3626a5d2815d8caf,Wilson (Lionel) College Prep (OK),0,0
sch_a91428473881e6a8,Wilton Christian (SJ),0,0
sch_94231df80d76fb45,WiseburnDaVinci,0,0
sch_32fd4b1efd81669f,Woodland Polytechnic Academy,0,0
sch_b41e6fdd992a1661,Wright,0,0
sch_9c19b0f27b47aab3,Yosemite Park,0,0
sch_053ea4eadff63580,Zanella Academy (NC),0,0
sch_93862d6296232c14,Zinsmeyer Academy (SS),0,0
